Keyword	Currency	Avg. monthly searches	Three month change	YoY change	Competition	Competition (indexed value)	Top of page bid (low range)	Top of page bid (high range)	Ad impression share	Organic impression share	Organic average position	In account?	In plan?	Searches: Sep 2025	Searches: Oct 2025	Searches: Nov 2025	Searches: Dec 2025	Searches: Jan 2026	Searches: Feb 2026	Searches: Mar 2026	Searches: Apr 2026	Searches: May 2026	Searches: Jun 2026	Searches: Jul 2026	Searches: Aug 2026
freedom care home care	USD	500	0%	0%	High	80	3.38	12.03																	
freedom care requirements	USD	500	0%	-90%	Medium	38	2.35	12.40																	
freedom care ny	USD	500	0%	0%	Medium	56	1.96	8.65																	
freedom care phone number	USD	5000	0%	0%	Medium	34	4.58	28.80																	
freedom care missouri	USD	5000	0%	0%	High	79	2.87	15.38																	
freedom care application	USD	500	0%	0%	Low	28	3.04	14.26																	
freedom care nj	USD	50	0%	0%	Medium	60	1.33	5.07																	
freedom care rochester ny	USD	50	0%	0%	Low	24	1.46	5.95																	
freedom care number	USD	500	0%	0%	Medium	46	6.75	25.48																	
freedom care cdpap	USD	500	0%	-90%	Medium	41	2.01	13.00																	
freedom care customer service	USD	500	900%	0%	Low	7	3.08	8.67																	
phone number to freedom care	USD	50	0%	0%	Medium	62	5.85	22.86																	
freedom care telephone number	USD	50	0%	0%	Medium	49	4.36	46.09																	
freedom care home health aide	USD	50	0%	0%	High	76	2.14	6.32																	
freedom care home care agency	USD	50	0%	0%	Medium	57	2.00	8.37																	
freedom care pay	USD	50	0%	0%	Medium	36	2.80	13.06																	
the number to freedom care	USD	50	0%	0%	High	83	6.31	31.77																	
freedom care llc	USD	500	0%	0%	Low	22	2.30	12.05																	
freedom care contact number	USD	50	0%	0%	Medium	34	6.58	24.33																	
get paid to take care of family	USD	500	0%	-90%	Medium	56	1.97	10.81																	
freedom care nyc	USD	500	0%	0%	Medium	56	2.92	10.28																	
freedom care locations	USD	500	0%	0%	Low	29	2.84	12.55																	
phone number for freedom care	USD	500	0%	0%	Medium	55	4.64	24.29																	
freedom care buffalo ny	USD	50	0%	0%	Low	20	2.04	5.95																	
freedom home care agency	USD	50	0%	0%	High	87	1.95	12.22																	
freedom care mo	USD	50	0%	0%	High	76	3.25	15.75																	
freedom care ny phone number	USD	50	0%	0%	Low	16																			
freedom care program	USD	50	0%	0%	Medium	53	1.60	11.91																	
freedom care benefits	USD	50	0%	0%	Low	19	2.73	5.61																	
freedom care indiana	USD	500	0%	0%	Medium	60	3.65	14.34																	
freedom care las vegas	USD	500	0%	0%	Low	30	2.32	283.14																	
medicaid freedom care	USD	50	0%	0%	Medium	45	1.96	12.50																	
telephone number for freedom care	USD	50	0%	0%	High	69	4.75	19.63																	
freedom care home health	USD	500	0%	0%	Medium	53	3.35	14.85																	
freedom care application form	USD	50	0%	0%	Medium	38	3.88	40.14																	
get paid to take care of family member	USD	5000	0%	0%	Medium	54	1.65	10.88																	
get paid to care for family member	USD	5000	0%	0%	Medium	54	1.65	10.88																	
caregiver for family member	USD	5000	0%	0%	Medium	56	1.90	10.40																	
home health aide for family	USD	50	0%	0%	High	68	2.92	10.48																	
get paid to take care of a loved one	USD	500	0%	0%	Medium	56	2.04	13.35																	
home care for family member	USD	500	0%	0%	Medium	66	2.41	11.63																	
take care of family member and get paid	USD	500	0%	0%	Medium	58	2.10	13.41																	
freedom care california	USD	50	0%	0%	Medium	35	2.06	14.45																	
freedom care florida	USD	50	0%	-90%	Medium	56	1.77	8.43																	
get paid to take care of your loved ones	USD	500	0%	0%	Medium	62	2.47	14.51																	
medicaid caregiver program	USD	5000	0%	0%	Low	28	1.70	8.46																	
freedom care home health agency	USD	50	0%	0%	Medium	47	6.03	17.89																	
freedom care pay rate	USD	500	0%	0%	Medium	35	2.09	9.23																	
family caregiver program	USD	5000	0%	0%	Medium	48	1.25	7.93																	
home health care for family members	USD	500	0%	0%	Medium	66	2.41	11.63																	
home health aide for family member	USD	500	0%	0%	Medium	65	2.20	11.53																	
get paid to care for family member ny	USD	50	0%	0%	Medium	60	2.92	13.32																	
taking care of family members at home	USD	50	0%	0%	Medium	48	2.62	25.55																	
paid to take care of family member	USD	500	0%	0%	Medium	52	1.99	10.37																	
freedom care caregiver	USD	50	0%	0%	High	76	3.34	24.95																	
caregiver pay	USD	5000	0%	0%	Low	28	1.24	7.96																	
freedom care illinois	USD	500	0%	0%	Medium	56	2.68	45.53																	
get paid to care for a loved one	USD	500	-90%	0%	Medium	59	2.04	12.26																	
freedom care address	USD	500	0%	0%	Low	15	2.78	21.16																	
freedom care medicaid	USD	50	0%	0%	Medium	45	1.96	12.50																	
get paid taking care of family member	USD	50	0%	0%	Medium	58	1.29	12.45																	
paid caregiver for family member	USD	500	-90%	0%	Medium	49	1.09	8.11																	
home health aide for family member ny	USD	50	0%	0%	High	77	2.13	7.55																	
government assistance for family caregivers	USD	500	900%	0%	Low	25	1.31	6.76																	
freedom care ct	USD	500	0%	0%	Medium	66	2.82	10.86																	
home care assistance	USD	50000	0%	-90%	Low	33	2.52	9.18																	
freedom caregiver	USD	500	0%	0%	Low	26	2.20	9.73																	
medicaid caregiver	USD	5000	0%	0%	Low	8	1.73	8.77																	
take care of loved ones and get paid	USD	50	900%	900%	Medium	59	2.91	14.01																	
freedom care payroll phone number	USD	50	0%	0%	Low	23	18.13	235.19																	
care for a loved one and get paid	USD	50	0%	0%	Medium	63	2.80	14.45																	
taking care of family members	USD	500	0%	0%	Low	26	2.08	11.29																	
at home caregiver	USD	5000	0%	-90%	High	71	3.20	13.56																	
government assistance for caregivers of elderly parents	USD	500	0%	0%	Low	31	0.99	5.97																	
medicare family caregiver	USD	500	0%	0%	Medium	51	1.30	6.37																	
medicaid family caregiver	USD	50000	0%	-90%	Low	2	1.35	8.79																	
care for family member	USD	500	0%	900%	Low	5	2.32	11.84																	
call freedom care	USD	500	900%	0%	High	71	6.19	24.86																	
medicare freedom care	USD	50	0%	0%	Medium	42	1.91	7.45																	
home health aide for family member pa	USD	50	0%	0%	High	76	4.31	15.14																	
taking care of elderly parents at home and getting paid	USD	500	0%	0%	Medium	38	0.83	5.86																	
freedom care georgia	USD	500	0%	0%	Medium	64	2.66	19.11																	
take care of a loved one and get paid	USD	50	900%	900%	Medium	64	2.80	13.12																	
caregiver assistance programs	USD	500	0%	0%	Medium	52	1.72	6.74																	
family caregiver pay rate	USD	500	0%	0%	Low	15	1.01	3.77																	
take care of a family member and get paid	USD	5000	0%	0%	Medium	54	1.65	10.88																	
family caregiver	USD	5000	0%	0%	Low	20	2.09	9.70																	
care for family member and get paid	USD	50	0%	0%	Medium	66	2.60	8.12																	
medicare caregiver pay	USD	500	0%	0%	Medium	40	0.32	4.83																	
get paid to take care of family ny	USD	500	0%	0%	Medium	48	1.73	10.27																	
friends and family home care	USD	5000	0%	0%	Medium	37	2.07	6.49																	
getting paid to be a caregiver	USD	500	0%	-90%	Medium	44	1.44	8.70																	
in home care	USD	500000	0%	0%	Low	15	3.15	14.12																	
freedom care services	USD	50	0%	0%	Medium	55	3.17	13.09																	
become a caregiver for a family member	USD	500	0%	0%	Medium	54	1.92	11.97																	
freedom care near me	USD	500	0%	0%	Low	30	4.18	19.58																	
caregiver services	USD	50000	900%	900%	Low	5	3.76	15.66																	
families looking for private caregivers	USD	5000	0%	0%	Medium	49	1.22	5.08																	
get paid as a caregiver for a family member	USD	500	0%	900%	Medium	43	1.10	6.57																	
paid to take care of family member ny	USD	50	0%	0%	Medium	40	2.50	5.00																	
at home care	USD	50000	0%	-90%	Low	21	2.33	11.50																	
consumer directed personal assistance program	USD	5000	0%	0%	Low	31	1.12	6.11																	
hire a caregiver	USD	500	0%	0%	Medium	38	3.77	16.31																	
freedom care long island	USD	50	0%	0%	Medium	58	2.88	13.00																	
personal caregiver	USD	5000	900%	900%	Low	23	2.70	10.43																	
caregivers near me	USD	50000	0%	-90%	Medium	62	3.40	14.42																	
family home attendant	USD	50	0%	0%	Medium	58	2.65	9.32																	
paid to care for family member	USD	500	0%	0%	Medium	52	1.99	10.37																	
live in caregiver	USD	5000	0%	0%	Medium	40	2.30	9.98																	
home care services	USD	500000	0%	-90%	Low	8	3.00	13.19																	
freedom care home health care	USD	50	0%	0%	High	74	3.52	12.82																	
structured family caregiving georgia	USD	500	0%	0%	Medium	59	1.65	6.84																	
pay to take care of family member	USD	50	0%	0%	Medium	58	2.46	9.17																	
freedom choice home care	USD	50	0%	0%	High	67	2.45	10.15																	
take care of relative and get paid	USD	50	0%	0%	High	67	1.78	11.69																	
caregiving agencies	USD	5000	0%	0%	Medium	63	2.94	13.00																	
become a caregiver	USD	500	0%	0%	Medium	50	1.88	15.02																	
family caregiver pay	USD	5000	0%	0%	Medium	44	0.43	6.19																	
elderly caregiver	USD	500000	0%	0%	Low	13	2.81	11.20																	
freedom care eligibility	USD	50	0%	0%	Low	26	2.09	9.46																	
take care of your loved ones and get paid	USD	50	0%	0%	High	74	3.40	16.71																	
get paid to care for a family member in pa	USD	50	0%	0%	Medium	55	3.97	12.66																	
in home health care	USD	50000	0%	0%	Medium	57	3.01	11.55																	
medicaid paid caregiver	USD	500	0%	0%	Low	22	1.31	5.80																	
home aide services	USD	500	900%	0%	Medium	60	3.46	12.00																	
caregiver companies	USD	5000	0%	0%	Medium	35	2.91	12.08																	
home care agency near me	USD	50000	0%	0%	Medium	61	2.78	12.02																	
caregiver at home	USD	50000	0%	-90%	Medium	51	2.89	11.31																	
in home caregiver	USD	500000	0%	0%	Low	15	3.15	14.12																	
hire family as paid caregiver	USD	50	0%	0%	Medium	56	0.62	6.09																	
home help	USD	5000	0%	0%	Low	24	2.60	10.45																	
medicare caregiver program	USD	500	900%	900%	Medium	52	1.28	6.75																	
care at home	USD	50000	0%	-90%	Low	23	2.28	9.37																	
full time caregiver	USD	500	0%	0%	Medium	41	2.34	8.22																	
adult caregiver	USD	500	0%	0%	Medium	57	2.67	12.00																	
help at home philadelphia	USD	500	0%	0%	Medium	58	2.18	11.64																	
home health aide near me	USD	5000	0%	0%	Medium	47	3.14	14.76																	
getting paid to take care of elderly parent	USD	500	0%	0%	Medium	44	0.89	6.71																	
in home care las vegas	USD	500	0%	0%	Medium	53	3.92	11.17																	
care for loved one at home	USD	50	0%	0%	High	69	2.88	17.63																	
caregiver for disabled adults	USD	500	0%	0%	Medium	55	2.58	8.90																	
cdpap caregiver requirements	USD	500	0%	-90%	Low	26	1.42	8.00																	
paid home care for family member	USD	50	0%	0%	High	70	2.80	12.34																	
care for mom at home	USD	500	0%	0%	High	74	3.68	14.83																	
home health aide for family member nyc	USD	50	0%	0%	High	73	2.14	9.26																	
care in the home	USD	5000	0%	-90%	Medium	43	2.90	13.37																	
private caregiver	USD	5000	0%	0%	Medium	61	2.14	8.38																	
private home health aide	USD	500	0%	0%	High	76	2.87	10.46																	
private caregivers for hire	USD	500	0%	0%	High	68	2.17	10.25																	
home health aide	USD	50000	0%	0%	Medium	49	2.74	11.05																	
home care by family member	USD	500	0%	0%	Medium	66	2.41	11.63																	
private home health care	USD	50000	0%	0%	Medium	46	2.28	8.31																	
caregiver support	USD	5000	0%	0%	Low	25	1.66	6.63																	
looking for a caregiver for my mom	USD	50	0%	0%	High	68	5.04	13.44																	
find a caregiver	USD	500	0%	0%	High	69	6.37	24.40																	
home health care services	USD	500000	0%	-90%	Low	8	3.00	13.19																	
home help aide	USD	50000	0%	0%	Medium	49	2.74	11.05																	
personal care aide	USD	5000	0%	0%	Low	20	2.31	8.47																	
caregiver services near me	USD	5000	0%	900%	Low	22	4.31	21.22																	
help at home homecare	USD	500	0%	0%	Medium	50	2.42	15.01																	
home care near me	USD	500000	0%	0%	Low	8	3.07	12.96																	
freedom care login	USD	500	0%	0%	Low	3	2.68	7.60																	
caregivers for seniors	USD	5000	0%	-90%	Medium	36	3.99	15.00																	
help at home care	USD	500	0%	0%	High	74	2.30	11.24																	
independent caregiver	USD	500	0%	0%	Medium	42	2.52	9.29																	
caregiver for disabled family member	USD	500	-90%	-90%	Medium	47	2.33	6.46																	
i need a caregiver	USD	50	0%	-90%	Medium	60	4.11	19.86																	
home health	USD	50000	0%	0%	Low	26	2.44	9.86																	
medicare caregiver	USD	500	0%	0%	Medium	45	1.46	7.06																	
caregivers home health	USD	5000	0%	-90%	Medium	37	1.84	7.49																	
home attendant for family member nyc	USD	50	0%	0%	High	74	2.49	7.57																	
private care for elderly at home	USD	5000	0%	-90%	High	71	2.95	12.51																	
nys caregiver program	USD	50	0%	0%	Low	22	1.18	4.03																	
care for your loved ones	USD	50	0%	0%	Medium	54	4.82	26.00																	
private home care agencies	USD	5000	900%	0%	Medium	46	2.48	11.21																	
home caregivers near me	USD	500000	0%	0%	Low	8	3.07	12.96																	
in home nursing care	USD	5000	0%	0%	Medium	52	3.58	13.64																	
private caregivers for hire near me	USD	500	0%	-90%	Medium	66	1.91	7.33																	
i need a caregiver for my mother	USD	50	0%	0%	Medium	64	3.77	19.89																	
in home help	USD	500	0%	0%	Low	19	3.22	12.51																	
home health aide agency	USD	5000	0%	0%	Medium	62	2.93	11.14																	
family home care	USD	5000	0%	0%	Low	29	2.18	7.78																	
get paid to take care of elderly family member	USD	500	0%	0%	Medium	45	1.15	8.82																	
get paid to take care of your parents	USD	50	-90%	0%	Medium	49	1.33	7.02																	
caregiver insurance	USD	500	0%	0%	Medium	62	4.61	19.56																	
home attendant agency near me	USD	500	0%	0%	High	79	3.28	13.77																	
home health care provider	USD	50000	900%	0%	Low	8	2.85	12.20																	
private home care services	USD	50000	0%	0%	Medium	46	2.28	8.31																	
in home health care near me	USD	5000	0%	0%	Medium	52	2.84	12.58																	
new york state caregiver program	USD	50	0%	0%	Medium	53	1.18	5.00																	
24 hour care at home	USD	5000	0%	0%	Low	29	2.76	12.08																	
in home care near me	USD	50000	0%	0%	Low	4	3.17	15.72																	
home attendant	USD	5000	0%	0%	Medium	37	3.29	12.20																	
freedom care employee login	USD	500	-90%	-90%	Low	2																			
live in home health aide	USD	500	0%	0%	High	78	2.70	10.54																	
freedom care fax number	USD	50	0%	0%	Low	24	1.88	5.73																	
freedom care pennsylvania	USD	50	0%	0%	Medium	58	5.00	19.55																	
hha for family member	USD	500	0%	0%	Medium	66	2.41	11.63																	
at home care for elderly	USD	50000	0%	-90%	Medium	55	3.67	15.75																	
live in carer	USD	5000	0%	0%	Low	3	3.25	11.94																	
home care worker	USD	500	0%	0%	Low	32	2.25	9.08																	
private pay home care	USD	5000	0%	-90%	Medium	46	2.21	8.10																	
cdpap program	USD	5000	0%	0%	Medium	50	1.19	6.37																	
highest paying home care agency in philadelphia	USD	500	0%	0%	High	78	3.92	15.24																	
structured family caregiving indiana	USD	500	0%	0%	Medium	37	1.70	8.60																	
in home health care for seniors	USD	5000	0%	-90%	Medium	53	4.06	16.50																	
in home caregivers near me	USD	50000	0%	0%	Low	4	3.17	15.72																	
health aide	USD	5000	0%	0%	Low	15	2.85	11.86																	
heart to heart home care	USD	5000	0%	0%	Low	25	1.46	4.26																	
home caregiver services	USD	500	0%	0%	Medium	53	3.76	16.13																	
caregiver for family member in pa	USD	50	0%	0%	High	70	2.40	13.28																	
private caregivers near me	USD	500	0%	0%	High	81	2.78	11.89																	
home attendant agency	USD	500	0%	0%	High	77	3.50	16.19																	
homecare agencies	USD	500000	0%	-90%	Low	25	3.09	12.58																	
live in caretaker	USD	500	0%	0%	Medium	43	2.24	8.10																	
home health agency	USD	50000	0%	0%	Medium	34	2.57	9.72																	
home help for seniors	USD	50000	0%	-90%	High	80	2.73	12.00																	
home health aide services	USD	5000	0%	0%	Low	11	2.92	13.33																	
elder care assistance	USD	500	0%	0%	Medium	62	2.99	11.12																	
elderly care	USD	500000	0%	0%	Low	13	2.81	11.20																	
home care agencies philadelphia	USD	5000	0%	0%	High	68	5.10	16.60																	
home health care for family	USD	50	0%	0%	High	76	3.40	20.45																	
home care help	USD	5000	900%	0%	Low	33	1.97	8.96																	
looking for caregiver	USD	500	0%	0%	High	69	3.52	14.31																	
get paid to be caregiver for family	USD	50	0%	0%	Medium	48	2.00	9.64																	
private caregiver for elderly	USD	500	0%	-90%	Medium	39	3.74	14.80																	
private pay home care agencies new york	USD	500	0%	-90%	Medium	44	2.81	4.59																	
need a caregiver	USD	50	0%	-90%	Medium	62	3.72	18.47																	
caregiving agency near me	USD	5000	0%	0%	High	74	2.84	12.37																	
caregiver website	USD	500	0%	0%	Medium	60	2.24	9.25																	
medicaid home health care	USD	5000	0%	0%	Low	26	2.06	9.53																	
home aide	USD	5000	0%	0%	Low	26	3.36	11.39																	
in home care services near me	USD	5000	0%	0%	Medium	46	2.82	13.37																	
link home care	USD	5000	0%	0%	Low	15	1.14	3.72																	
family and friends home care	USD	500	0%	0%	Medium	41	2.44	7.56																	
home health aide agency near me	USD	5000	0%	0%	Medium	55	2.87	11.28																	
at home healthcare	USD	50000	0%	0%	Low	26	2.07	7.65																	
24 hour home health care	USD	5000	900%	0%	Low	33	3.17	13.59																	
private carers near me	USD	50	0%	-90%	High	71	2.54	7.95																	
care and help home care	USD	500	0%	0%	Medium	50	3.79	14.52																	
home health care agencies	USD	500000	0%	-90%	Low	25	3.09	12.58																	
ihss colorado	USD	500	0%	0%	High	68	2.89	14.68																	
home care insurance	USD	5000	0%	-90%	Medium	58	4.16	16.09																	
family home care agency	USD	500	0%	-90%	Medium	56	2.20	8.30																	
home health care agencies philadelphia	USD	5000	0%	0%	High	68	5.10	16.60																	
senior home care	USD	50000	900%	0%	Low	14	3.45	14.77																	
caregiver duties	USD	5000	0%	0%	Low	7	0.11	2.56																	
home aide care	USD	500	-90%	-90%	Medium	60	3.63	11.71																	
caregiver for parent	USD	500	0%	0%	Low	32	1.63	7.10																	
private carers	USD	500	0%	0%	Low	31	2.14	7.90																	
private in home care	USD	5000	0%	-90%	Medium	54	2.98	12.42																	
home care agencies that hire family members	USD	50	0%	0%	Medium	65	3.60	12.56																	
highest paying home health agency near me	USD	500	0%	0%	Medium	61	2.02	7.93																	
in home nurse	USD	5000	0%	0%	Low	13	3.10	11.73																	
freedom care jobs	USD	500	0%	0%	Low	12	0.69	5.50																	
affordable home health care	USD	500	900%	900%	Low	4	3.10	9.42																	
private in home caregivers	USD	5000	0%	-90%	Medium	54	2.98	12.42																	
home care companies near me	USD	5000	0%	0%	Medium	62	3.00	11.80																	
home health care agencies near me	USD	50000	0%	0%	Medium	61	2.78	12.02																	
care in home	USD	5000	0%	-90%	Medium	33	1.55	6.59																	
get paid for being a caregiver	USD	500	0%	-90%	Medium	44	1.44	8.70																	
help for mom at home	USD	50	0%	0%	High	68	2.02	11.78																	
live in care for elderly	USD	500	0%	0%	Low	24	3.78	13.82																	
private nursing care at home	USD	500	0%	0%	High	72	3.09	11.56																	
home care agencies nyc	USD	5000	0%	0%	Medium	62	2.34	8.84																	
financial assistance for caregivers	USD	500	0%	0%	Medium	37	0.95	6.73																	
home care assistance program	USD	500	0%	-90%	Medium	51	2.04	6.97																	
assistance for seniors living at home	USD	500	0%	-90%	High	75	2.77	10.36																	
medicaid home health aide	USD	500	0%	0%	Low	32	2.36	11.09																	
home health care aide	USD	50000	0%	0%	Medium	49	2.74	11.05																	
live in caregivers near me	USD	500	0%	0%	Medium	46	2.64	11.55																	
private care for elderly	USD	500	900%	0%	High	74	3.12	12.52																	
care at home services	USD	500	0%	0%	Medium	56	2.18	9.08																	
help at home application	USD	500	0%	0%	Medium	50	0.41	4.56																	
highest paying cdpap agencies	USD	50	0%	0%	Medium	40	1.33	5.86																	
agencies that pay family caregivers	USD	50	0%	0%	Medium	59	1.51	9.38																	
elder care home care	USD	50000	0%	-90%	Low	29	2.87	13.67																	
taking care of a loved one	USD	50	0%	0%	Medium	53	2.09	10.66																	
home help for the elderly	USD	5000	0%	-90%	High	69	2.94	12.58																	
caring people home care	USD	500	0%	0%	Medium	52	2.03	7.59																	
live in carers near me	USD	5000	0%	9900%	Low	3	6.07	15.84																	
home instead near me	USD	5000	0%	0%	Low	29	1.99	8.37																	
family home health care	USD	500	0%	0%	Low	27	2.44	9.14																	
home health care services near me	USD	5000	-90%	0%	Low	18	3.39	15.85																	
hire home health aide	USD	500	0%	0%	High	74	2.88	12.80																	
caregiver assistance	USD	500	0%	0%	Medium	41	2.27	8.81																	
home care agencies new york	USD	5000	0%	0%	Medium	62	2.34	8.84																	
caregiving companies near me	USD	500	0%	0%	High	74	2.76	13.00																	
medicaid caregiver program ny	USD	50	0%	0%	Medium	46	1.78	8.98																	
services for elderly living at home	USD	500	0%	-90%	High	85	2.52	10.51																	
home care for elderly near me	USD	5000	0%	900%	Low	19	4.06	18.95																	
help at home home care agency	USD	50	-90%	0%	Medium	64	1.81	8.79																	
take care of family and get paid	USD	50	0%	0%	Medium	58	1.41	8.67																	
care agencies	USD	500	0%	0%	Medium	46	2.54	10.17																	
part time caregiver	USD	500	0%	0%	Medium	40	1.53	7.93																	
medicaid home care	USD	5000	0%	0%	Low	26	2.06	9.53																	
help at home pittsburgh	USD	500	0%	0%	Low	30	1.80	5.58																	
24 hour nursing care at home	USD	500	0%	0%	High	87	3.28	13.65																	
cdpap agencies	USD	50	0%	-90%	High	75	1.92	13.00																	
in home aide services	USD	500	0%	0%	High	71	3.67	12.42																	
home care services for elderly	USD	50000	0%	-90%	Medium	35	3.51	15.82																	
care takers	USD	500	0%	0%	Medium	59	3.27	11.29																	
home help services	USD	500	0%	0%	Medium	46	2.68	11.29																	
carer agency near me	USD	500	0%	0%	High	76	2.85	11.82																	
freedom care insurance	USD	50	0%	0%	Low	27	3.50	9.86																	
help at home philadelphia pa	USD	500	-90%	0%	Medium	48	2.12	10.32																	
help for caregivers	USD	500	900%	900%	Low	28	2.00	7.72																	
private pay caregivers	USD	500	0%	0%	Medium	63	1.73	7.19																	
family paid caregiver	USD	500	0%	0%	Medium	35	0.89	6.29																	
caregiver for elderly near me	USD	50	0%	0%	High	80	2.60	14.06																	
home nursing care near me	USD	500	0%	0%	High	72	3.43	13.42																	
24 hour in home care	USD	5000	900%	0%	Low	33	3.17	13.59																	
in home elderly care near me	USD	5000	900%	0%	Low	24	4.36	18.96																	
24 hour caregiver	USD	500	0%	0%	Low	21	2.90	13.79																	
home health services near me	USD	50000	0%	0%	Medium	48	2.44	10.29																	
freedom care connecticut	USD	50	0%	0%	Medium	50	1.74	7.13																	
elderly home care near me	USD	5000	900%	0%	Medium	34	3.68	17.00																	
best home care agencies near me	USD	500	0%	0%	Medium	38	2.97	13.53																	
in home care for seniors near me	USD	5000	0%	0%	Low	12	4.32	20.93																	
freedom home care services	USD	50	0%	0%	High	76	2.16	12.38																	
in house caregiver	USD	500	0%	-90%	High	85	3.29	15.00																	
home health care agency near me	USD	50000	0%	0%	Medium	61	2.78	12.02																	
help at home agency	USD	500	0%	0%	Medium	56	2.12	10.56																	
medicaid program that pays family caregiver	USD	50	0%	0%	Low	29	1.53	5.83																	
apply to be a caregiver for a family member	USD	500	0%	0%	Medium	45	1.89	10.80																	
live in home care	USD	50000	0%	-90%	Medium	42	2.75	12.14																	
at home care agency	USD	5000	0%	0%	Medium	52	1.97	7.89																	
caregiver organizations	USD	500	900%	0%	Medium	43	2.09	7.40																	
assistance home care	USD	5000	-90%	-90%	Medium	40	1.95	9.33																	
care at home agency	USD	5000	0%	0%	Medium	52	1.97	7.89																	
freedom care headquarters	USD	50	0%	0%	Low	0																			
right at home home care	USD	5000	0%	0%	Medium	53	1.71	7.15																	
home aid agency	USD	500	-90%	-90%	High	73	3.00	10.18																	
caregiver compensation	USD	500	0%	0%	Medium	47	0.57	4.58																	
hha agency	USD	50000	0%	0%	Medium	34	2.57	9.72																	
domiciliary care agency	USD	50	0%	0%	Low	10																			
live in nurse	USD	500	0%	0%	Medium	57	2.34	8.30																	
companion care near me	USD	5000	900%	0%	Low	7	2.93	12.37																	
in home adult care	USD	5000	0%	0%	Medium	65	5.13	20.84																	
home care assistance near me	USD	500	0%	0%	Low	20	3.18	11.20																	
caretakers near me	USD	50000	0%	-90%	Medium	62	3.40	14.42																	
families looking for private caregivers near me	USD	500	0%	0%	Medium	54	1.41	4.88																	
independent caregivers near me	USD	500	900%	0%	High	87	3.14	17.54																	
24 hour care for elderly	USD	500	0%	0%	Medium	62	3.27	16.10																	
in home health aide	USD	500	0%	-90%	Medium	53	2.91	10.84																	
being a caregiver for a family member	USD	500	0%	900%	Medium	52	1.10	7.84																	
right at home locations	USD	500	0%	0%	Low	32	1.75	6.93																	
live in caregiver pay per day	USD	500	0%	0%	Low	23	1.74	5.88																	
caregiver las vegas	USD	500	0%	0%	High	73	2.66	11.49																	
health care agencies near me	USD	5000	0%	0%	High	73	2.05	7.97																	
home carers	USD	500000	0%	-90%	Low	18	2.98	12.15																	
personal care attendant	USD	500000	0%	0%	Low	4	2.00	3.96																	
24 hour care	USD	50000	0%	0%	Low	9	2.08	10.21																	
in home nursing care near me	USD	5000	0%	0%	Low	16	3.44	14.32																	
certified caregiver	USD	5000	0%	0%	Medium	52	1.20	11.69																	
home carers near me	USD	500000	0%	0%	Low	8	3.07	12.96																	
senior caregivers near me	USD	50000	0%	0%	Low	10	3.79	15.58																	
getting paid as a family caregiver	USD	500	0%	0%	Medium	38	1.16	8.26																	
home health care insurance	USD	5000	0%	-90%	Medium	58	4.16	16.09																	
respite care for caregivers	USD	50000	0%	0%	Low	6	2.12	7.02																	
senior caregivers for hire	USD	50	0%	0%	High	95	2.86	9.33																	
home health aide agency brooklyn	USD	500	0%	0%	Medium	57	1.96	8.73																	
carer for elderly	USD	500000	0%	0%	Low	13	2.81	11.20																	
home care aides near me	USD	5000	0%	0%	High	76	3.57	15.95																	
in home assistance	USD	5000	0%	0%	Medium	39	4.75	16.15																	
care takers near me	USD	500	0%	0%	High	74	3.83	15.40																	
family getting paid to take care of family	USD	500	0%	-90%	Medium	56	1.97	10.81																	
find a carer near me	USD	50	0%	-90%	High	75	7.03	32.66																	
caregiver services for seniors	USD	500	0%	0%	High	74	3.64	15.98																	
caregiver home health aide	USD	500	0%	0%	Medium	52	2.08	9.77																	
home care business	USD	5000	-90%	-90%	Medium	45	2.46	10.42																	
caregivers in my area	USD	500	-90%	-90%	High	75	2.97	20.48																	
paid family caregiver indiana	USD	50	0%	0%	Medium	63	1.62	10.22																	
help at home jobs	USD	500	0%	0%	Low	22	0.25	3.29																	
caregivers for elderly at home	USD	50	900%	900%	High	73	3.24	13.27																	
get paid to help disabled family member	USD	50	0%	0%	Medium	56	2.72	16.06																	
cdpap home care agency	USD	50	0%	0%	High	70	2.00	10.97																	
find a caregiver near me	USD	50	0%	-90%	High	75	7.03	32.66																	
elderly sitters	USD	500	0%	0%	High	70	2.32	8.21																	
cdpap eligibility	USD	50	0%	0%	Low	15	1.86	12.52																	
home health aide agency nyc	USD	500	0%	-90%	High	87	2.30	8.41																	
become a home health aide	USD	500	0%	0%	Medium	65	3.39	20.00																	
becoming a home health aide for a family member	USD	50	0%	0%	Medium	44	2.20	9.80																	
help at home website	USD	500	0%	0%	Medium	34	1.60	5.19																	
in home care providers near me	USD	500	0%	-90%	Medium	65	2.84	14.85																	
always caring home care	USD	5000	0%	0%	Low	23	1.94	6.90																	
home health aide companies	USD	500	0%	0%	Medium	60	3.03	12.00																	
in home care assistance	USD	5000	0%	-90%	Low	24	4.48	17.78																	
caregiver app	USD	5000	0%	0%	Medium	59	2.19	6.98																	
domiciliary care near me	USD	50	0%	0%	Low	25																			
in home nursing care for elderly	USD	500	0%	0%	High	76	3.91	15.76																	
local caregivers	USD	500	0%	0%	Low	29	3.53	13.67																	
caregiver for family member pay	USD	50	0%	-90%	Medium	47	1.38	9.59																	
home help care services	USD	500000	0%	-90%	Low	8	3.00	13.19																	
private home care for seniors	USD	500	0%	-90%	High	83	2.34	11.50																	
home aides near me	USD	500	0%	900%	Low	21	3.30	19.40																	
private home health care near me	USD	500	0%	0%	High	76	2.57	10.00																	
personal home care services	USD	5000	0%	-90%	Low	16	4.13	16.51																	
home care help for elderly	USD	5000	0%	-90%	High	69	2.94	12.58																	
help at home near me	USD	5000	0%	0%	Low	25	1.33	6.78																	
home assistance for elderly	USD	5000	0%	0%	High	69	3.15	14.41																	
care in home caregivers	USD	500	-90%	-90%	Medium	60	1.92	8.22																	
help at home services	USD	500	0%	-90%	Medium	36	1.67	8.62																	
24 hour nursing care	USD	500	0%	0%	Low	20	3.21	12.02																	
one on one caregiver	USD	500	0%	0%	Medium	61	1.87	7.38																	
my right at home	USD	50	0%	0%	Medium	50																			
home healthcare near me	USD	50000	0%	0%	Medium	48	2.44	10.29																	
home health services for seniors	USD	5000	0%	-90%	Medium	36	2.54	11.65																	
missouri caregiver program	USD	500	0%	0%	Low	31	1.75	7.84																	
home instead senior care near me	USD	5000	0%	0%	Low	16	2.07	8.51																	
in home care services cost	USD	500	0%	0%	Medium	52	1.70	5.68																	
home health care for elderly	USD	5000	0%	-90%	Medium	34	2.65	12.34																	
private home care providers	USD	500	0%	0%	Low	12	3.09	10.59																	
home health care las vegas	USD	5000	0%	0%	Medium	45	2.62	8.56																	
elderly services	USD	5000	0%	0%	Medium	36	2.49	8.56																	
live in senior caregiver	USD	5000	0%	0%	Medium	44	3.00	13.18																	
home care caregiver	USD	500	0%	0%	Medium	52	3.36	13.06																	
get paid to care for your loved one	USD	50	0%	0%	Medium	63	2.50	12.33																	
private duty home health aide	USD	500	0%	0%	Medium	55	1.77	7.75																	
home health aide nyc	USD	500	0%	0%	Medium	58	2.93	9.84																	
private home help	USD	50	0%	0%	High	86	5.86	13.52																	
get paid for caring for family member	USD	500	0%	900%	Medium	50	0.98	10.52																	
taking care of elderly parents	USD	500	0%	0%	Medium	37	1.09	7.46																	
in home services for elderly	USD	5000	0%	0%	Medium	37	2.91	10.00																	
get paid for taking care of family member pa	USD	50	0%	0%	High	86																			
heart to heart home care bronx	USD	500	0%	0%	Low	30	1.46	3.81																	
all american agency	USD	5000	0%	0%	Low	21	1.49	6.16																	
medicare home care	USD	50000	-90%	-90%	Medium	34	1.31	6.07																	
best home health care near me	USD	500	0%	0%	Medium	45	2.54	10.64																	
right at home agency	USD	500	0%	0%	Medium	52	1.72	6.78																	
homecare providers near me	USD	5000	0%	0%	Medium	56	2.81	13.87																	
nursing services	USD	5000	0%	0%	Low	20	3.00	9.73																	
home care for my mom	USD	50	0%	0%	Medium	47	2.95	21.14																	
caregiver training program	USD	5000	0%	-90%	Low	19	1.53	13.60																	
getting paid to care for elderly parent	USD	500	0%	0%	Medium	49	0.30	5.00																	
community home care	USD	5000	0%	0%	Low	15	1.58	5.42																	
i need a home health aide	USD	50	0%	0%	High	88	8.10	29.38																	
in home health care providers	USD	50000	0%	0%	Low	8	3.80	15.73																	
get paid for caring for a loved one	USD	50	0%	0%	Medium	56	1.05	11.02																	
full time care at home	USD	50	0%	-90%	Medium	65	2.45	9.61																	
stay at home care	USD	500	0%	0%	Low	29	2.59	11.13																	
home care for disabled adults	USD	5000	0%	0%	Medium	65	2.64	9.86																	
health at home	USD	5000	0%	0%	Low	19	2.23	7.50																	
private home care agency in manhattan	USD	500	0%	0%	Medium	64	1.77	7.54																	
american home care agency	USD	500	0%	0%	Medium	66	1.78	7.50																	
agencies for elderly home care	USD	5000	900%	-90%	Low	14	6.00	16.66																	
right at home near me	USD	5000	0%	0%	Low	11	1.77	7.55																	
caretaker for parents	USD	500	0%	0%	Low	32	1.63	7.10																	
private home care jobs	USD	5000	0%	-90%	Medium	55	0.37	2.83																	
home health aide services near me	USD	500	0%	0%	High	67	4.39	15.53																	
homemaker services	USD	5000	0%	-90%	Medium	34	2.39	8.77																	
get paid to watch family members	USD	50	0%	0%	Medium	56	2.20	10.35																	
find caregivers near me	USD	500	900%	0%	High	92	5.68	22.46																	
in home caregivers for seniors	USD	500000	0%	-90%	Low	5	4.07	18.15																	
home health companies near me	USD	5000	0%	0%	Medium	47	2.04	8.40																	
home health aide private pay	USD	500	0%	0%	Medium	64	2.67	8.87																	
home health care assistance	USD	500	-90%	-90%	Medium	49	2.70	9.61																	
independent carers near me	USD	50	0%	0%	Medium	47	2.38	12.14																	
help at home locations	USD	5000	0%	-90%	Medium	41	1.38	6.25																	
help at home chicago	USD	5000	0%	0%	Medium	46	0.48	4.61																	
special needs caregiver	USD	5000	0%	0%	Medium	41	2.56	12.57																	
non medical home care agency	USD	5000	0%	0%	Low	17	2.14	5.97																	
cost of in home care	USD	500	0%	0%	Medium	52	1.70	5.68																	
help at home phone number	USD	500	0%	0%	Medium	34	2.59	12.55																	
home care agencies brooklyn	USD	5000	900%	0%	Medium	45	2.08	9.41																	
care companies	USD	5000	0%	0%	Medium	35	2.91	12.08																	
live in help for elderly	USD	500	0%	0%	High	84	3.90	14.78																	
home health care aides near me	USD	5000	0%	0%	High	76	3.57	15.95																	
home care phone number	USD	50	900%	900%	Medium	54	3.41	15.00																	
family caretaker pay	USD	500	0%	0%	Medium	35	0.89	6.29																	
caring home care	USD	500	-90%	-90%	Low	20	1.80	6.48																	
home health insurance	USD	500	0%	0%	Medium	52	4.02	13.63																	
caregivers for seniors at home	USD	50	0%	0%	High	99	4.38	16.35																	
parent care	USD	5000	0%	-90%	Low	8	1.86	7.48																	
personal care services	USD	50000	0%	-90%	Low	13	2.56	9.76																	
private home care for elderly near me	USD	50	0%	0%	Medium	57	3.14	14.13																	
red lion home care	USD	500	0%	-90%	Low	22	2.30	7.37																	
senior home caregivers	USD	50000	0%	-90%	Low	24	2.23	9.38																	
full time live in caregiver	USD	50	0%	0%	High	77	2.22	11.81																	
senior home care assistance	USD	5000	0%	-90%	Medium	39	4.63	16.46																	
caregiver for elderly family member	USD	50	0%	0%	Medium	63	1.66	7.09																	
live in companion for elderly	USD	500	0%	-90%	High	72	2.10	7.59																	
a team home care	USD	500	0%	0%	Medium	38	2.73	10.78																	
ihss arizona	USD	500	0%	0%	Medium	41	1.09	4.69																	
in home care taker	USD	500	0%	0%	High	70	3.23	12.10																	
live in care providers	USD	500	900%	900%	Low	2	2.53	8.17																	
home care taker	USD	500	0%	0%	Medium	56	3.07	11.41																	
medicare home health	USD	50000	-90%	-90%	Medium	34	1.31	6.07																	
home care assistance jobs	USD	500	900%	0%	Medium	50	0.67	3.16																	
home care attendant	USD	500	0%	0%	Medium	49	3.82	15.01																	
carer near me	USD	5000	0%	0%	Low	9	1.93	7.89																	
best home care agency in brooklyn	USD	500	0%	0%	Medium	59	1.94	8.38																	
clients looking for caregivers	USD	50	0%	0%	Medium	56	1.64	9.34																	
24 hour live in care	USD	500	0%	-90%	Low	26	3.22	9.92																	
in home nurse services	USD	500	-90%	-90%	High	81	3.16	13.70																	
hire cna for home care	USD	50	0%	0%	High	87	4.70	14.55																	
indiana family caregiver program	USD	500	0%	-90%	Medium	43	2.54	11.08																	
caring people	USD	5000	0%	0%	Low	10	2.01	7.68																	
care company near me	USD	500	0%	0%	High	71	3.17	13.00																	
in home health care services near me	USD	5000	0%	0%	Medium	46	2.82	13.37																	
help at home williamsport	USD	500	0%	0%	Low	19	1.69	5.02																	
home care program	USD	500	0%	0%	Medium	49	2.50	8.45																	
home health aide insurance	USD	500	0%	0%	Medium	52	4.44	19.78																	
elderly in home care near me	USD	5000	900%	0%	Low	24	4.36	18.96																	
caregivers support group	USD	5000	0%	0%	Low	9	0.68	5.00																	
home care aide for family member	USD	50	0%	0%	High	69	2.55	9.29																	
caregiver for my mom	USD	500	0%	0%	Medium	55	3.27	13.13																	
24hr care at home	USD	500000	0%	0%	Low	14	2.01	9.98																	
in home nurse cost	USD	500	0%	0%	Medium	55	2.11	7.62																	
home health care workers	USD	50	0%	0%	Medium	58	2.95	12.07																	
caregiver help near me	USD	50	0%	0%	High	78	4.93	17.73																	
medical home care services	USD	5000	900%	900%	Low	1	3.14	9.12																	
caregiver requirements	USD	500	0%	0%	Low	15	0.97	3.93																	
helping home	USD	50000	0%	0%	Low	20	0.88	6.52																	
live in companion	USD	500	0%	0%	Medium	39	2.16	10.48																	
in home care services los angeles	USD	50	0%	-90%	Low	27	3.35	11.40																	
homestead caregivers	USD	500	0%	0%	Medium	66	1.86	8.12																	
medicaid cdpap	USD	500	-90%	-90%	Low	28	1.80	12.26																	
caregiver program	USD	500	0%	0%	Medium	42	1.97	9.25																	
24 hour live in caregiver	USD	50	0%	0%	Medium	56	3.34	14.72																	
live in home care services	USD	50000	0%	-90%	Medium	42	2.75	12.14																	
get paid to be a family caregiver	USD	500	0%	0%	Medium	38	1.16	8.26																	
home care agency chicago	USD	500	0%	0%	High	70	2.28	8.26																	
in home nursing care services	USD	50	0%	0%	Medium	61	3.60	12.62																	
resources for caregivers	USD	500	0%	0%	Low	21	1.52	6.32																	
right home care	USD	5000	0%	0%	Medium	53	1.71	7.15																	
private duty caregivers near me	USD	500	0%	0%	High	75	2.15	11.19																	
home health care business	USD	5000	-90%	-90%	Medium	45	2.46	10.42																	
caregivers los angeles	USD	500	0%	0%	Medium	50	2.96	17.44																	
senior home healthcare	USD	5000	0%	-90%	Medium	33	2.71	10.00																	
home care services las vegas	USD	5000	0%	0%	Medium	45	2.62	8.56																	
top paying home health care agencies	USD	500	0%	-90%	Medium	61	1.74	9.75																	
caring for elderly parents	USD	5000	0%	-90%	Medium	36	1.50	7.54																	
best home health care agencies near me	USD	500	0%	0%	High	71	2.49	10.64																	
home health aide for my mom	USD	50	0%	0%	High	80	3.50	23.01																	
get paid for taking care of disabled family member	USD	500	0%	0%	Medium	43	1.49	9.77																	
family caregiver pay rate in pa	USD	500	0%	0%	Medium	40	2.29	8.35																	
paid caregiver for a family member	USD	50	-90%	0%	Medium	49	0.96	7.18																	
at home health care	USD	50000	0%	0%	Low	26	2.07	7.65																	
24 hour in home care near me	USD	50	0%	0%	Medium	38	2.68	11.51																	
best home care agency in philadelphia	USD	500	0%	-90%	High	75	3.61	16.36																	
caregiver benefit	USD	500	0%	0%	Low	28	0.82	4.56																	
home care agencies queens	USD	500	0%	0%	Medium	53	2.32	8.80																	
take care of your loved ones	USD	50	0%	0%	Medium	46	2.01	7.84																	
care for my mom	USD	50	900%	900%	Low	17	3.91	12.10																	
top rated home care agencies near me	USD	500	0%	-90%	High	75	3.44	12.14																	
hire a carer	USD	500	0%	0%	Medium	38	3.77	16.31																	
get paid to care for family	USD	500	0%	-90%	Medium	56	1.97	10.81																	
private duty home health care	USD	500	0%	0%	Low	26	2.57	6.76																	
affordable home care agency	USD	500	900%	0%	Low	30	1.77	6.41																	
caregiver through medicaid	USD	50	0%	0%	Medium	44	2.27	18.34																	
taking care of elderly parents at home	USD	5000	0%	-90%	Medium	42	1.77	8.42																	
home visits for elderly	USD	50	0%	0%	Medium	65	3.33	13.16																	
home care for family	USD	500	0%	0%	Low	23	2.07	10.19																	
national family caregiver support program	USD	5000	0%	0%	Low	8	1.45	6.68																	
at home caregivers near me	USD	500	0%	0%	Medium	52	3.25	15.26																	
cost of 24 hour home care	USD	500	-90%	-90%	Medium	48	1.92	6.98																	
indiana caregiver pay	USD	50	0%	0%	Medium	47	2.00	12.07																	
full time nursing care at home	USD	500	0%	0%	High	92	3.45	10.93																	
get paid to help family member	USD	50	0%	0%	Medium	65	2.18	11.71																	
elderly caregiver hourly rate	USD	500	0%	0%	Low	29	1.66	5.58																	
paid to take care of family member pa	USD	50	0%	0%	Medium	61	5.47	16.37																	
home health care medicare	USD	500	0%	0%	Medium	51	1.44	6.94																	
senior care agencies near me	USD	500	0%	0%	High	77	3.77	14.58																	
live in home health care	USD	50000	0%	-90%	Medium	42	2.75	12.14																	
caregiver agency los angeles	USD	500	0%	0%	Low	15	2.47	11.14																	
independent caregivers for hire	USD	50	900%	900%	High	89	2.98	11.32																	
home care for the elderly near me	USD	5000	900%	0%	Medium	34	3.68	17.00																	
patriot home care philadelphia	USD	500	0%	0%	Medium	63	4.05	15.49																	
24 hour care at home for elderly	USD	5000	0%	0%	Low	14	4.19	17.77																	
home care philadelphia	USD	5000	0%	0%	Medium	55	3.88	14.23																	
24 home care	USD	500000	0%	0%	Low	14	2.01	9.98																	
keep mom at home care	USD	50	0%	0%	High	74	4.95	9.95																	
home health care application	USD	500	0%	0%	Medium	44	2.49	9.07																	
home aide services near me	USD	50	900%	900%	High	77	3.60	13.74																	
home aid for elderly	USD	500	0%	0%	High	82	3.89	16.84																	
senior in home care services	USD	5000	0%	-90%	Medium	53	4.06	16.50																	
personal home care near me	USD	500	0%	0%	Medium	54	3.71	16.80																	
elderly care agency	USD	5000	0%	-90%	Low	26	3.39	13.97																	
senior care at home near me	USD	50	0%	0%	High	88	7.77	21.72																	
hire a caregiver near me	USD	50	0%	0%	High	94	4.46	19.09																	
home instead services	USD	500	0%	0%	Medium	50	1.72	6.38																	
caring for a family member and getting paid	USD	500	0%	900%	Medium	50	0.98	10.52																	
home health caregivers near me	USD	50	0%	0%	High	76	2.79	16.98																	
home care cerca de mi	USD	500	0%	0%	Medium	62	1.66	5.29																	
private home care agencies in nyc	USD	50	0%	0%	High	76	1.87	9.00																	
structured family caregiving	USD	5000	0%	-90%	Medium	41	1.95	8.85																	
caregiver for family member in georgia	USD	50	0%	900%	High	70	2.30	9.13																	
caregiver jobs for family members	USD	50	0%	0%	Medium	41	1.32	6.49																	
private home care near me	USD	500	0%	0%	High	67	2.46	11.28																	
instead home care	USD	50000	0%	0%	Low	18	1.55	6.47																	
help for elderly parents	USD	500	0%	0%	Medium	56	2.31	8.00																	
home provider services	USD	500	0%	0%	Medium	53	2.68	11.38																	
hha agencies near me	USD	5000	0%	0%	High	75	2.40	8.25																	
freedom care in nj	USD	50	0%	0%	Low	25																			
free caregiver training programs near me	USD	500	0%	0%	Low	28	1.04	3.85																	
mom at home care	USD	500	0%	0%	High	74	3.68	14.83																	
private home care agency in long island	USD	500	0%	-90%	High	69	2.01	7.81																	
home care support	USD	500	0%	0%	Low	5	2.52	5.89																	
best home care	USD	5000	0%	-90%	Low	26	2.40	12.51																	
care home agency	USD	50	0%	0%	Medium	54	2.93	12.26																	
private carer near me	USD	50	0%	-90%	High	71	2.54	7.95																	
family taking care of family	USD	500	0%	0%	Low	12	1.76	9.53																	
best paying home care agencies in nyc	USD	500	0%	0%	High	72	1.28	4.30																	
right at home senior care	USD	500	0%	0%	Medium	45	1.76	7.47																	
home health aide philadelphia	USD	500	0%	0%	High	79	5.66	15.22																	
need home health aide	USD	50	0%	0%	Medium	53	3.07	13.25																	
in home nursing services near me	USD	50	0%	0%	High	75	2.88	15.69																	
get paid to take care of family ct	USD	50	0%	0%	High	69	5.68	15.34																	
finding a caregiver for elderly parent	USD	50	0%	0%	High	76	5.03	23.28																	
here for you home care	USD	500	0%	0%	Medium	40	3.37	10.29																	
consumer directed services missouri	USD	500	0%	0%	Medium	58	2.20	8.00																	
at home nurses for elderly	USD	50	0%	-90%	High	68	4.18	17.09																	
at home carers	USD	50000	0%	-90%	Low	21	2.33	11.50																	
chosen family home care	USD	500	0%	0%	Low	32	2.68	8.42																	
pennsylvania caregiver support program	USD	5000	0%	-90%	Low	10	2.67	7.21																	
paid family member caregiver	USD	50	0%	0%	Medium	51	1.01	10.99																	
home sitters for elderly	USD	500	0%	0%	High	77	2.86	12.60																	
pca agency near me	USD	500	0%	0%	High	76	2.18	7.52																	
live in home care for seniors	USD	500	0%	0%	High	70	4.32	13.35																	
personal care provider	USD	500	0%	0%	Medium	35	3.12	10.44																	
friends for life homecare	USD	500	0%	0%	Medium	45	1.79	5.77																	
need caregiver near me	USD	50	0%	0%	High	96	4.02	16.72																	
home health aide agency bronx ny	USD	500	0%	-90%	Medium	59	2.47	8.77																	
cost of in home care for elderly	USD	5000	-90%	-90%	Medium	50	1.90	6.54																	
apply for home health aide	USD	50	0%	0%	Medium	66	2.15	8.47																	
care for elderly in their home	USD	500	0%	-90%	Medium	53	4.92	16.23																	
home care aide jobs	USD	50000	0%	0%	Medium	36	0.68	3.50																	
right at home caregiver	USD	500	0%	0%	Medium	43	1.37	6.06																	
care help at home	USD	500	0%	0%	High	74	2.30	11.24																	
home care at home	USD	50000	0%	-90%	Low	23	2.28	9.37																	
senior home services	USD	5000	0%	0%	Medium	50	3.36	15.00																	
home care agencies bronx ny	USD	500	0%	0%	Medium	57	2.25	9.16																	
caregivers orange county	USD	500	0%	0%	High	68	5.24	18.54																	
home health care companies near me	USD	5000	0%	0%	Medium	62	3.00	11.80																	
help at home springfield il	USD	500	0%	0%	Low	13	0.57	1.52																	
live in nurse for elderly	USD	50	900%	900%	High	83	3.09	12.26																	
home helps for the elderly	USD	5000	0%	-90%	High	69	2.94	12.58																	
home care facility near me	USD	500	0%	0%	High	71	2.45	9.61																	
home aide agency	USD	5000	0%	-90%	High	68	4.56	14.20																	
we care home care	USD	5000	0%	0%	Low	21	1.26	6.64																	
medicare home health aide	USD	500	0%	0%	Medium	43	1.70	6.47																	
personal care agency	USD	5000	0%	-90%	Low	26	2.86	9.96																	
private live in care	USD	500	0%	0%	Low	17																			
heart to heart home care agency	USD	500	0%	0%	Medium	39	2.17	6.19																	
find a live in carer	USD	50	∞	∞	Low	5																			
help at home scranton pa	USD	500	0%	0%	Low	26	1.71	4.52																	
become home health aide family member	USD	50	0%	0%	Medium	37	2.20	11.99																	
home care application	USD	500	0%	0%	Medium	44	2.49	9.07																	
personal home care agency	USD	5000	0%	-90%	Medium	37	2.11	8.60																	
america best home care	USD	500	0%	0%	Medium	62	3.28	14.95																	
find a home health aide	USD	50	0%	0%	High	80	6.05	23.77																	
agency caregiver near me	USD	50	0%	-90%	High	83	2.79	11.76																	
options for elderly care at home	USD	500	0%	0%	Medium	43	2.26	9.01																	
at home services	USD	500	0%	0%	Low	21	3.38	12.31																	
temporary caregiver	USD	50	900%	900%	Medium	64	3.05	11.53																	
full time home health care	USD	50	0%	-90%	Medium	65	2.45	9.61																	
i need a carer	USD	50	0%	0%	High	79																			
help for elderly living at home	USD	50	0%	0%	Medium	66	2.66	10.13																	
home care service providers	USD	500	900%	0%	Low	8	2.49	12.56																	
caregivers for hire near me	USD	50	0%	-90%	High	82	2.92	12.05																	
nearest home care agency	USD	50	0%	0%	High	78	2.44	13.13																	
long term home health care	USD	500	900%	0%	Low	33	2.28	9.95																	
get paid to care for elderly family member	USD	50	0%	0%	Medium	53	0.99	6.93																	
ct family caregiver program	USD	50	0%	0%	Medium	47	2.50	10.96																	
home health aide cost	USD	500	0%	0%	Medium	52	1.87	6.07																	
in home health	USD	500	0%	0%	Low	31	2.97	10.57																	
full time live in carer	USD	50	∞	0%	Low	25	1.64	12.51																	
private home care agencies near me	USD	500	900%	0%	High	74	2.51	9.69																	
local home care services	USD	5000	900%	-90%	Medium	41	3.56	16.69																	
medicaid pay for family caregiver	USD	500	0%	0%	Low	33	1.19	9.22																	
freedom care health insurance	USD	50	0%	0%	Medium	35	5.46	14.24																	
affordable in home care	USD	500	0%	0%	Low	15	3.02	11.06																	
program to get paid to care for a family member	USD	50	0%	0%	Medium	34	1.88	7.35																	
caretakers for seniors	USD	500	0%	0%	High	80	3.05	13.15																	
at home instead	USD	500	0%	0%	Medium	58	1.78	7.05																	
caregivers home health care	USD	500	-90%	-90%	Medium	41	2.15	9.71																	
private caregiver agency	USD	500	0%	-90%	Medium	52	1.74	7.91																	
home care assistance for elderly	USD	500	0%	-90%	High	71	3.27	15.41																	
live in care companies	USD	50	900%	900%	Low	1																			
helping hands home health	USD	500	0%	0%	Low	31	1.83	7.04																	
personal care agencies near me	USD	500	0%	0%	Medium	57	2.57	10.67																	
in home health care services	USD	5000	0%	0%	Medium	45	2.60	10.65																	
best care home health	USD	5000	0%	0%	Low	24	1.74	6.32																	
become a family caregiver	USD	50	0%	0%	Medium	56	1.01	8.24																	
free home care app	USD	50	0%	0%	Medium	59	3.11	8.52																	
support groups for caregivers of elderly parents near me	USD	500	900%	0%	Low	29	0.88	4.61																	
home health aide for elderly	USD	5000	0%	-90%	Low	23	4.14	11.56																	
in home care and assistance	USD	50	0%	0%	High	67	3.08	16.56																	
personal caregivers near me	USD	50	0%	-90%	High	82	2.72	12.59																	
paying for care	USD	500	0%	0%	Low	8																			
looking for home health aide	USD	50	0%	0%	High	80	3.50	15.00																	
home care apps	USD	500	0%	0%	Medium	52	3.21	10.74																	
at home nursing care near me	USD	50	0%	0%	High	77	3.82	18.62																	
home care agencies in new jersey	USD	500	0%	0%	Medium	42	2.16	7.60																	
personal care aides near me	USD	500	0%	0%	Medium	53	1.66	12.76																	
at home senior care services	USD	5000	-90%	-90%	Medium	64	4.11	16.59																	
caretaker for family member	USD	5000	0%	0%	Medium	56	1.90	10.40																	
homecare insurance coverage	USD	500	-90%	-90%	Medium	58	4.13	14.83																	
home health care indianapolis	USD	5000	0%	0%	Medium	53	3.24	14.13																	
best in home care for seniors	USD	50	0%	0%	Medium	61	4.73	15.89																	
caregiver agencies chicago	USD	500	0%	0%	High	72	2.29	9.76																	
find live in caregiver	USD	50	0%	-90%	Medium	66	4.63	16.23																	
senior in home care services near me	USD	500	0%	0%	High	72	5.11	25.52																	
home care services atlanta	USD	5000	0%	-90%	Medium	49	2.70	9.77																	
carers in my area	USD	50	0%	0%	Low	29																			
elderly caregivers near me	USD	5000	0%	0%	Medium	40	3.63	15.16																	
home health care kansas city	USD	500	0%	0%	Medium	65	2.88	10.00																	
private home health aide near me	USD	50	0%	0%	High	80	3.67	13.14																	
senior care at home services	USD	500	0%	-90%	High	96	3.91	12.82																	
pay to care for family member	USD	50	0%	0%	Medium	41	0.70	12.12																	
family caregiver assistance	USD	500	0%	0%	Low	27	1.18	5.30																	
at home elderly care near me	USD	50	0%	-90%	Medium	64	4.11	18.07																	
in home aide	USD	500	0%	0%	Low	33	5.00	15.30																	
ihss texas	USD	5000	900%	0%	Low	22	1.34	4.14																	
home health aide cost per hour	USD	500	0%	0%	Medium	50	1.57	4.84																	
live in caregiver needed	USD	50	0%	-90%	Medium	62	1.87	9.21																	
freedom care maryland	USD	50	0%	0%	Medium	55	2.56	6.85																	
care at home near me	USD	50	0%	0%	Low	11																			
home health aide no experience near me	USD	50	0%	0%	Medium	49	1.13	4.79																	
personal care assistance	USD	50000	0%	-90%	Low	29	2.20	7.43																	
medicare taking care of family member	USD	50	0%	0%	Medium	49	1.23	6.54																	
america home care	USD	5000	0%	0%	Low	33	1.96	8.49																	
at home nurse cost	USD	50	0%	-90%	High	73	2.46	7.84																	
personal care at home	USD	5000	0%	-90%	Low	22	3.27	14.57																	
24 hour care agency	USD	500	0%	-90%	Medium	47	1.97	6.59																	
at your side home care	USD	5000	0%	0%	Low	33	1.37	6.48																	
personal carers	USD	500	0%	0%	Low	0																			
live in home care near me	USD	50	0%	0%	Medium	41	7.14	39.05																	
apply for home care	USD	50	0%	0%	Medium	59	3.13	14.42																	
best home care agency in queens	USD	500	0%	0%	High	72	1.85	8.15																	
family caregiver support program	USD	5000	0%	0%	Low	14	1.68	7.70																	
care for caregivers	USD	500	0%	0%	Low	31	1.88	7.25																	
home care for parents	USD	500	0%	-90%	Medium	55	2.12	9.50																	
get paid to be a caregiver for a family member	USD	500	0%	0%	Medium	39	1.00	7.06																	
senior in home assistance	USD	50000	0%	-90%	Low	16	3.63	14.38																	
home care cost per hour	USD	500	0%	0%	Medium	54	1.73	5.21																	
care in your own home	USD	50	∞	0%	High	71																			
in home caregiver cost	USD	500	0%	0%	Low	33	1.86	6.12																	
cna help at home	USD	50	0%	0%	High	72	3.49	13.21																	
become a paid caregiver for a family member	USD	500	0%	0%	Medium	47	1.53	8.06																	
help at home reading pa	USD	500	0%	-90%	Medium	48	2.54	9.20																	
caregivers philadelphia	USD	50	0%	-90%	High	90	5.90	16.61																	
in home healthcare near me	USD	5000	0%	0%	Medium	52	2.84	12.58																	
personal care services near me	USD	500	0%	0%	Low	24	3.62	18.49																	
caregiver pay for family	USD	500	0%	0%	Medium	35	0.89	6.29																	
relative caregiver program	USD	500	0%	0%	Low	14	1.99	9.95																	
in home care for the elderly near me	USD	50	0%	0%	Medium	60	1.94	19.75																	
agency for caregiver near me	USD	500	0%	0%	High	90	2.86	12.07																	
caregiver insurance coverage	USD	50	0%	0%	High	67	4.78	20.65																	
caregiver family member pay	USD	50	900%	900%	Medium	51	0.80	8.08																	
senior home health	USD	5000	0%	0%	Low	28	2.81	9.31																	
america's best home care	USD	500	0%	0%	Medium	62	3.28	14.95																	
home caregivers for elderly	USD	50000	0%	-90%	Low	29	2.87	13.67																	
caregiver needed for elderly person	USD	50	0%	0%	High	74	4.46	30.73																	
care choice home care	USD	5000	0%	900%	Low	17	2.37	13.18																	
part time elderly care	USD	50	0%	0%	High	73	3.82	13.98																	
always caring	USD	5000	0%	0%	Low	12	2.21	7.88																	
being a caregiver	USD	500	0%	0%	Low	30	1.20	8.90																	
become a home care provider	USD	50	0%	0%	High	73	2.80	14.91																	
home care facility	USD	500	0%	0%	Medium	48	2.79	9.26																	
life home care	USD	500	0%	0%	Low	16	1.66	5.67																	
find caregiver for elderly	USD	50	0%	0%	High	96	7.58	23.08																	
senior care help	USD	500	0%	-90%	Medium	47	4.17	15.15																	
independent home health aide	USD	50	0%	0%	High	72	2.30	10.50																	
caretaker pay for family member	USD	500	0%	900%	Medium	34	1.25	7.05																	
caregiver respite	USD	50000	0%	0%	Low	6	2.12	7.02																	
home care services for elderly near me	USD	50	0%	0%	High	90	4.23	23.00																	
private care agencies	USD	50	0%	0%	Medium	38	3.12	8.10																	
find senior caregivers	USD	500	0%	-90%	High	88	7.19	28.79																	
hire in home caregiver	USD	500	0%	0%	Medium	47	1.52	7.68																	
personal assistant for elderly	USD	500	0%	0%	Medium	58	2.72	10.94																	
apply for home health care	USD	500	0%	0%	Low	21	2.25	10.63																	
home care services in usa	USD	50	0%	0%	Low	19	2.50	12.14																	
best home care agency in nyc	USD	500	0%	0%	Medium	60	1.92	7.17																	
colorado family caregivers	USD	5000	0%	0%	Medium	39	15.27	71.80																	
caregiver for mom	USD	500	0%	0%	Medium	55	3.27	13.13																	
part time home care for elderly	USD	50	0%	0%	Medium	57	3.10	9.65																	
get paid to take care of your family member	USD	50	0%	0%	Medium	47	2.32	8.85																	
home health aide agency staten island	USD	50	0%	0%	High	73	2.21	10.40																	
in home care insurance for seniors	USD	50	0%	0%	High	84	2.79	12.88																	
homecare companies	USD	50000	0%	-90%	Low	24	2.80	12.15																	
at home home care	USD	50000	0%	-90%	Low	23	2.28	9.37																	
medicaid caregiver program georgia	USD	50	0%	-90%	Medium	64	2.56	9.18																	
my right at home care	USD	50	0%	0%	High	100																			
assisted home care services	USD	5000	0%	-90%	Low	21	1.67	8.00																	
home health aide no experience	USD	500	0%	0%	Medium	57	0.99	7.50																	
one on one caregiver near me	USD	50	0%	0%	High	92	1.80	15.23																	
home care agencies buffalo ny	USD	500	0%	0%	Medium	66	1.64	3.88																	
find in home caregiver	USD	50	0%	0%	High	69	2.98	25.00																	
friends & family home care	USD	5000	0%	0%	Low	12	1.70	6.01																	
caregiver cost per hour	USD	50	0%	0%	Medium	47	1.68	5.71																	
home aids	USD	5000	0%	0%	Low	6	2.66	10.72																	
in home care agency near me	USD	5000	0%	0%	Medium	46	2.82	13.37																	
home care agencies staten island	USD	500	0%	0%	Medium	60	2.75	10.21																	
short term home care services	USD	500	900%	0%	High	72	3.48	14.55																	
private aides for elderly	USD	50	0%	0%	High	89	3.75	15.52																	
freedom care in florida	USD	50	0%	0%	Medium	45	0.88	4.50																	
heart to heart home care brooklyn	USD	500	0%	0%	Low	27	1.43	3.85																	
insurance for caregiver services	USD	50	0%	0%	High	69	8.08	29.58																	
part time in home care for elderly	USD	50	0%	0%	High	71	2.41	9.97																	
live in assistance for elderly	USD	50	0%	0%	High	84	3.50	13.37																	
home health care aide for family member	USD	50	0%	0%	Medium	66	2.36	12.60																	
home instead agency	USD	500	0%	0%	Medium	58	1.91	6.95																	
private care for seniors	USD	50	0%	0%	Medium	45	3.02	8.81																	
short term in home care	USD	500	900%	0%	Low	21	4.26	13.04																	
home caregivers for seniors	USD	50000	0%	-90%	Low	24	2.23	9.38																	
taking care of elderly	USD	500	0%	0%	Low	32	2.01	6.71																	
caregiver phone number	USD	50	0%	0%	Medium	63	3.12	16.40																	
private pay home care near me	USD	50	0%	0%	Medium	58	2.77	11.79																	
medicare pay for home care	USD	500	0%	0%	Medium	45	0.53	3.92																	
home care service near me	USD	5000	-90%	0%	Low	18	3.39	15.85																	
live in elderly caregiver	USD	500	0%	0%	Low	24	3.78	13.82																	
live in home care cost	USD	500	-90%	0%	High	68	2.40	8.10																	
home health aide agency philadelphia	USD	50	0%	0%	High	90	4.09	13.27																	
help from home	USD	50	-90%	-90%	Medium	44	2.20	8.04																	
home health assistant	USD	500	0%	0%	Medium	61	2.76	11.10																	
home nurses for elderly	USD	500	0%	0%	Low	18	3.22	11.30																	
home care for loved ones	USD	50	0%	0%	Medium	49	2.39	7.85																	
home care providers	USD	50000	900%	0%	Low	8	2.85	12.20																	
home based care	USD	500	0%	0%	Low	15	3.25	10.41																	
home health agency insurance	USD	500	-90%	-90%	Medium	60	18.70	82.59																	
in home care portland oregon	USD	500	0%	0%	High	83	5.50	19.39																	
finding home care for elderly	USD	50	0%	0%	High	92	8.10	33.43																	
cdpap florida	USD	5000	-90%	-90%	Low	27	0.90	3.33																	
private duty home care near me	USD	500	0%	-90%	High	69	3.03	11.28																	
family member taking care of elderly	USD	50	0%	0%	Medium	54	1.07	7.46																	
24 hour senior care near me	USD	50	900%	900%	Low	2	3.04	7.53																	
finding in home care for elderly	USD	50	0%	0%	High	92	8.10	33.43																	
home health care agencies delaware	USD	500	0%	0%	High	69	2.38	8.36																	
home services for the elderly	USD	5000	0%	0%	High	82	3.62	14.93																	
in house nurse	USD	500	0%	-90%	Medium	64	3.46	12.50																	
home care nyc	USD	5000	900%	0%	Medium	51	1.91	8.24																	
in home nurses near me	USD	5000	0%	0%	Low	16	3.44	14.32																	
home care office near me	USD	500	900%	0%	High	69	2.66	9.09																	
right at home health care	USD	5000	0%	0%	Medium	53	1.71	7.15																	
homemaker services near me	USD	500	0%	-90%	Medium	62	2.45	12.59																	
in house home care	USD	50	0%	0%	High	77	3.62	19.05																	
affordable caregivers	USD	500	0%	0%	Medium	35	2.12	8.00																	
at home health	USD	5000	0%	0%	Low	19	2.60	12.00																	
help at home senior care	USD	500	0%	0%	Low	26	2.31	7.12																	
take care of elderly at home	USD	50	0%	0%	Medium	46	2.20	7.84																	
elderly care agency near me	USD	5000	0%	0%	Low	13	3.70	15.17																	
in house nurse care cost	USD	50	0%	0%	High	68	3.93	10.23																	
caring home care agency	USD	500	0%	900%	Medium	50	1.55	5.26																	
support for caregivers of elderly parents	USD	50	0%	0%	Medium	45	0.54	4.69																	
in home nurse care for elderly	USD	500	0%	0%	High	76	3.91	15.76																	
home help agency	USD	500000	0%	-90%	Low	25	3.09	12.58																	
home health care that accepts medicare	USD	500	0%	0%	High	79	2.85	9.81																	
home health aide nj	USD	500	0%	0%	Low	30	2.51	10.20																	
home care support services	USD	50	0%	0%	Medium	44	2.44	7.92																	
part time home health care	USD	500	0%	0%	Medium	43	1.96	9.02																	
stay at home caregiver	USD	50	0%	0%	High	68	1.75	11.01																	
in house nurse care	USD	5000	0%	0%	Medium	52	3.58	13.64																	
home assistance services	USD	50	0%	0%	Medium	39	3.06	9.40																	
family caretaker	USD	500	900%	0%	Low	31	1.54	9.10																	
health aides near me	USD	50	0%	0%	Medium	64	4.80	15.03																	
compassionate home care	USD	5000	0%	0%	Low	24	1.72	6.23																	
temporary elderly care near me	USD	50	0%	0%	High	87	4.74	16.69																	
becoming a pca for a family member	USD	50	0%	-90%	Medium	41	2.70	10.87																	
home caregiver agencies near me	USD	50	0%	0%	High	78	2.55	18.57																	
best care home care agency	USD	5000	0%	-90%	Medium	51	2.02	9.65																	
24 hour home health aide	USD	50	0%	0%	High	88	4.24	12.45																	
apply for caregiver for family member	USD	50	0%	0%	Medium	48	2.13	13.72																	
need caregiver for elderly	USD	50	0%	0%	High	88	3.66	26.15																	
apply to be a caregiver	USD	50	0%	-90%	Medium	38	1.82	11.17																	
medicaid personal care services	USD	5000	0%	-90%	Low	10	2.20	11.22																	
home health for seniors	USD	5000	0%	-90%	Medium	48	2.90	10.52																	
new york home care	USD	5000	900%	0%	Medium	51	1.91	8.24																	
in home care providers	USD	50000	0%	0%	Low	8	3.80	15.73																	
part time caregivers near me	USD	50	900%	900%	High	71	2.28	11.16																	
home healthcare insurance	USD	50	0%	-90%	Medium	59	3.99	13.28																	
america's home health services	USD	500	0%	0%	Low	28	2.47	8.64																	
assisted living caregiver	USD	5000	0%	-90%	Medium	54	2.33	8.09																	
home instead caregivers	USD	500	0%	0%	Medium	42	1.79	7.34																	
i need a cna for my mom	USD	50	0%	0%	High	83	6.22	16.93																	
caregiver qualifications	USD	500	0%	0%	Low	21	1.05	8.18																	
pca caregiver	USD	500	0%	0%	Low	23	2.67	7.69																	
taking care of elderly jobs	USD	500	0%	0%	Medium	42	0.56	3.22																	
private care providers	USD	50	0%	0%	Medium	60	1.89	21.00																	
family care home health	USD	500	0%	0%	Low	20	2.19	7.68																	
choice home care	USD	500	0%	-90%	Low	17	2.32	9.38																	
private care services	USD	500	-90%	-90%	Medium	53	1.96	15.43																	
always there home care	USD	500	0%	0%	Low	12	1.64	5.91																	
caregiver for loved one	USD	50	0%	0%	Medium	62	3.07	23.08																	
at home personal care	USD	5000	0%	0%	Low	25	2.12	11.22																	
short term live in carer	USD	50	0%	0%	Low	0																			
home health aide rochester ny	USD	50	0%	-90%	High	69	1.58	5.49																	
assisted living at home services	USD	50	0%	0%	High	78	3.97	13.39																	
care & help home care agency	USD	500	0%	0%	Low	21	2.35	7.65																	
family caregiver program ct	USD	50	0%	0%	Medium	56	2.10	12.00																	
full time home health aide	USD	50	0%	0%	High	70	3.03	12.58																	
at home health aide	USD	50	0%	0%	Medium	66	3.59	14.12																	
home health phone number	USD	500	0%	0%	Medium	55	2.91	12.71																	
senior caregiving	USD	500000	0%	0%	Low	11	2.90	12.08																	
nyc caregiver program	USD	50	0%	0%	Medium	45	1.64	6.09																	
better at home care	USD	50	0%	0%	High	67	2.18	8.25																	
home helper home care	USD	500	0%	0%	Medium	66	2.48	10.55																	
home care help for seniors	USD	5000	0%	-90%	High	69	2.94	12.58																	
part time home health aide	USD	500	0%	-90%	Medium	47	1.96	8.33																	
medicaid consumer directed personal assistance program	USD	500	-90%	-90%	Low	18	1.75	4.86																	
home care services indianapolis	USD	500	0%	-90%	Low	17	4.87	30.63																	
home companions	USD	500	0%	0%	Low	23	2.18	8.90																	
affordable caregivers near me	USD	50	0%	0%	High	67	3.24	22.48																	
personal in home care	USD	50000	0%	-90%	Low	28	2.45	10.81																	
senior home health care near me	USD	50	900%	900%	Low	27	2.52	15.07																	
daily care for elderly	USD	5000	0%	0%	Medium	64	1.99	6.32																	
in house elderly care	USD	50	0%	0%	High	96	5.17	16.57																	
home healthcare agencies philadelphia	USD	5000	0%	0%	High	68	5.10	16.60																	
local home care agencies	USD	5000	0%	-90%	Low	31	3.04	14.33																	
24 hour senior care	USD	500	0%	0%	Low	9	5.28	18.83																	
home health care nyc	USD	5000	900%	0%	Medium	51	1.91	8.24																	
part time home care	USD	500	0%	0%	Medium	43	1.96	9.02																	
respite care louisville ky	USD	50	0%	0%	High	89	3.60	14.23																	
caregivers chicago	USD	500	0%	0%	High	85	2.61	10.62																	
care agency around me	USD	50	∞	0%	High	100																			
find home care	USD	50	0%	0%	Low	22	7.21	32.41																	
live in home help	USD	50000	0%	-90%	Medium	42	2.75	12.14																	
home health agencies west palm beach	USD	500	-90%	-90%	Medium	58	2.96	15.00																	
home nurse care cost	USD	5000	0%	0%	Medium	40	1.57	5.00																	
home care agencies connecticut	USD	500	0%	0%	Medium	63	2.34	9.92																	
home health aide new york	USD	500	0%	0%	Medium	54	2.43	8.49																	
affordable home care services	USD	500	0%	0%	Low	3	2.04	10.00																	
independent live in carers	USD	50	0%	0%	High	86																			
home care around me	USD	50	0%	0%	High	72	3.30	19.67																	
in home aides near me	USD	50	0%	0%	High	84	4.24	18.12																	
home health care for seniors on medicare	USD	5000	0%	-90%	Medium	62	1.87	7.57																	
the best home care agency	USD	50	0%	-90%	High	75	3.13	18.15																	
short term home care for elderly	USD	50	0%	0%	High	70	5.11	13.03																	
home care center near me	USD	50	0%	0%	Medium	67	2.56	7.67																	
caregiver license california	USD	500	0%	0%	Low	22	1.62	10.00																	
companion agencies near me	USD	50	0%	0%	High	91	2.70	8.78																	
family love care	USD	500	0%	0%	Low	31	2.42	11.14																	
personal care for elderly	USD	5000	0%	-90%	Low	12	3.78	14.00																	
private home care services near me	USD	500	0%	0%	High	67	2.46	11.28																	
resources for caregivers of elderly parents	USD	50	0%	0%	Medium	44	0.96	5.22																	
help at home lancaster pa	USD	500	-90%	-90%	Medium	38	1.32	4.74																	
getting paid to help elderly parents	USD	50	0%	0%	Medium	49	0.90	7.53																	
cds home health care	USD	500	0%	-90%	Medium	40	2.97	11.65																	
at home assistance for elderly	USD	50	0%	0%	Medium	61	3.22	12.54																	
long term in home care	USD	5000	0%	0%	Low	21	3.16	12.34																	
hire live in caregiver	USD	50	0%	0%	Medium	52	1.50	5.92																	
caring people home healthcare	USD	500	0%	0%	Medium	52	2.03	7.59																	
personal caretaker	USD	500	900%	900%	Medium	58	2.31	8.67																	
home care new york	USD	5000	900%	0%	Medium	51	1.91	8.24																	
nursing home caregiver	USD	500	0%	0%	Medium	47	2.03	6.01																	
hha home care	USD	500	0%	0%	Medium	51	2.37	6.35																	
home care in my area	USD	50	900%	900%	High	89	4.07	18.93																	
in home services near me	USD	500	0%	-90%	High	69	2.85	10.14																	
caregiver business	USD	500	0%	0%	Medium	44	3.25	12.49																	
elder care home care agency	USD	50	0%	900%	Medium	64	2.03	8.43																	
ny medicaid home care eligibility	USD	50	0%	0%	Low	30	2.06	13.00																	
patriot home care locations	USD	500	0%	-90%	Medium	51	2.42	9.51																	
va home care assistance program	USD	50	0%	0%	Medium	58	0.79	6.03																	
on call caregiver	USD	50	0%	0%	High	72	2.19	8.65																	
caregivers houston	USD	500	0%	0%	Medium	62	2.98	13.46																	
family in home care	USD	500	0%	0%	Medium	45	2.50	10.62																	
maryland caregiver program	USD	50	0%	0%	Medium	41	1.35	5.88																	
personal care assistant for family member	USD	50	0%	0%	Medium	51	1.74	6.19																	
personal care near me	USD	50000	0%	-90%	Low	18	3.18	12.36																	
caregiver support services	USD	500	0%	0%	Low	18	2.35	7.76																	
home health aide for seniors	USD	5000	0%	-90%	Medium	48	2.90	10.52																	
24 hour care facility	USD	50	0%	0%	Medium	47	2.94	9.13																	
home nurse aide	USD	500	0%	0%	Medium	36	3.30	9.14																	
looking for a carer	USD	500	0%	0%	High	69	3.52	14.31																	
friends and family caregivers	USD	50	0%	0%	Low	27	2.46	9.16																	
in home help services	USD	50	0%	0%	High	68	2.92	13.40																	
from the heart home care	USD	500	0%	0%	Low	19	1.70	6.86																	
loving hands home care	USD	500	0%	900%	Low	13	2.23	7.53																	
taking care of mom	USD	500	0%	0%	Low	10	2.07	8.55																	
home health care philadelphia	USD	5000	0%	0%	Medium	55	3.88	14.23																	
medicaid caretaker	USD	500	0%	-90%	Low	31	1.79	8.15																	
home health care aides for hire	USD	50	0%	0%	High	75	2.75	11.06																	
medicare elderly home care	USD	5000	0%	-90%	Medium	62	1.87	7.57																	
home elder care services	USD	50000	0%	-90%	Medium	35	3.51	15.82																	
in home cna care	USD	50	0%	-90%	High	69	2.48	13.41																	
hire a carer for a day	USD	50	-100%	-100%	Unknown																				
live in caregiver agencies near me	USD	50	0%	0%	High	97	2.47	13.53																	
family getting paid to be caregivers	USD	50	0%	0%	Medium	45	1.55	13.64																	
home health care family caregivers	USD	50	0%	0%	High	84	2.07	9.06																	
home care services los angeles	USD	500	0%	0%	Medium	45	3.19	13.16																	
at home home health	USD	500	0%	0%	Medium	37	2.18	11.72																	
private care company near me	USD	50	0%	0%	High	82	3.11	8.10																	
personal care for seniors	USD	5000	0%	-90%	Low	4	2.46	10.73																	
home care in florida	USD	500	0%	0%	Low	28	2.34	7.05																	
help with home care for elderly	USD	50	0%	0%	High	89	3.25	10.57																	
home care assistance tucson	USD	500	0%	-90%	Low	15	1.05	6.50																	
home health aides in my area	USD	50	0%	-90%	High	81	3.49	13.38																	
home health provider services	USD	500	0%	0%	Medium	43	2.25	8.57																	
in house carer	USD	50	0%	0%	Medium	43	3.76	15.42																	
private caregivers for elderly near me	USD	50	0%	0%	High	78	4.58	20.77																	
one on one caregiver agency	USD	50	0%	0%	High	93	2.57	6.91																	
best home care providers	USD	500	0%	0%	Medium	51	3.20	11.46																	
agency for live in carers	USD	50	0%	0%	Unknown																				
private care companies	USD	50	0%	0%	Medium	53	2.95	13.62																	
caregiver nyc	USD	500	0%	0%	Medium	63	2.32	8.54																	
looking for live in carer	USD	50	0%	0%	Unknown																				
best caregiver agency near me	USD	500	0%	0%	Medium	46	3.34	15.67																	
home health provider	USD	5000	0%	0%	Low	15	2.62	10.20																	
caregiver organizations near me	USD	50	0%	0%	High	67	2.38	6.11																	
24 hour home health care near me	USD	50	0%	0%	High	100	3.00	10.81																	
get paid to take care of my mom	USD	50	0%	0%	Medium	45	3.13	14.21																	
being a caregiver for a parent	USD	50	0%	0%	Medium	41	0.56	5.73																	
home health aide companies near me	USD	500	0%	0%	High	68	2.94	13.94																	
help at home erie pa	USD	500	0%	0%	Low	21	1.57	4.41																	
senior live in caregiver	USD	500	0%	0%	High	70	2.37	12.09																	
opening a home health agency	USD	500	0%	0%	Medium	59	2.97	9.84																	
home care agencies allentown pa	USD	500	0%	0%	Medium	53	3.80	11.84																	
united home health care	USD	500	0%	0%	Low	12	2.28	7.17																	
georgia structured family caregiving	USD	50	0%	0%	Medium	56	1.82	6.96																	
in home care for family member	USD	50	0%	0%	Medium	59	2.30	11.31																	
private home nurse	USD	500	0%	0%	Medium	47	2.53	9.99																	
non medical caregiver	USD	500	0%	0%	Medium	34	1.62	5.48																	
home care hiring	USD	500	0%	0%	Medium	46	1.00	5.74																	
aide for elderly	USD	50	0%	0%	High	81	3.61	13.63																	
home care of philadelphia	USD	5000	0%	0%	Medium	55	3.88	14.23																	
private home care clients	USD	50	0%	0%	High	80	3.80	19.48																	
hha agency brooklyn	USD	500	0%	0%	Medium	57	1.96	8.73																	
home care for elderly parent	USD	5000	0%	-90%	Medium	42	1.77	8.42																	
in home care support	USD	50	0%	0%	Medium	36	2.52	14.24																	
private caregiver needed	USD	500	0%	0%	Medium	53	1.25	6.00																	
medicare home services	USD	500	0%	0%	Medium	60	1.88	8.10																	
in home living assistance	USD	500	0%	-90%	Medium	59	4.38	13.29																	
friends and family home care phone number	USD	50	0%	0%	Medium	61	2.73	10.73																	
getting home care for elderly	USD	50	0%	0%	High	87	4.13	16.21																	
ct caregiver program	USD	50	0%	0%	Medium	54	1.86	7.00																	
in home care agency	USD	50000	0%	0%	Low	16	3.51	15.01																	
community home care brooklyn	USD	500	0%	0%	Medium	41	1.44	4.55																	
caregiver homes near me	USD	500	0%	0%	High	76	2.84	11.88																	
low cost in home care for seniors	USD	50	0%	0%	High	84	4.31	14.58																	
hire a caregiver for a day	USD	50	0%	0%	Medium	57	3.05	19.97																	
oregon caregiver program website	USD	50	0%	0%	Low	18																			
home health aide insurance coverage	USD	500	0%	0%	Medium	52	4.44	19.78																	
local caregivers near me	USD	50	0%	0%	Medium	66	5.50	22.38																	
home health agency philadelphia	USD	500	0%	0%	Medium	65	5.34	18.19																	
phone number for home health care	USD	500	0%	0%	Medium	55	2.91	12.71																	
24 hour home care services	USD	500000	0%	0%	Low	14	2.01	9.98																	
cna services at home	USD	50	0%	0%	High	94	1.66	7.83																	
senior home care agencies near me	USD	50	0%	0%	Medium	64	3.09	17.17																	
living home care	USD	50000	0%	-90%	Medium	42	2.75	12.14																	
home care san diego	USD	5000	0%	0%	Low	17	3.20	14.83																	
daily home care for elderly	USD	50	0%	0%	High	80	4.28	13.60																	
home care agencies rochester ny	USD	500	0%	0%	Medium	51	1.80	7.22																	
looking for private caregiver	USD	50	0%	-90%	High	76	2.50	11.52																	
at home care services for elderly	USD	500	0%	0%	High	75	3.42	28.24																	
caregiving services for the elderly	USD	500	0%	0%	High	80	4.03	10.45																	
home health aide florida	USD	50	0%	-90%	Medium	48	2.00	6.21																	
free elderly care	USD	500	0%	0%	Medium	55	2.01	5.02																	
help and home care	USD	500	0%	0%	High	74	2.30	11.24																	
stay at home home care	USD	500	0%	0%	Low	26	2.55	8.35																	
care in the home near me	USD	50	0%	-100%	Unknown																				
looking for home care	USD	50	0%	0%	Medium	51	4.07	15.93																	
right at home services	USD	50	0%	0%	Medium	62	1.62	7.06																	
find a private carer	USD	50	0%	0%	Unknown																				
phone number for help at home	USD	500	0%	0%	Medium	47	2.90	14.05																	
cost for live in caregiver	USD	500	0%	0%	Medium	52	1.82	6.08																	
private caregiver insurance	USD	50	0%	0%	High	78	7.31	26.97																	
home health care facilities	USD	500	0%	0%	Medium	48	2.79	9.26																	
health care aides near me	USD	50	0%	0%	High	92	4.74	18.62																	
private care providers near me	USD	50	0%	0%	Medium	63																			
home health care workers near me	USD	50	0%	0%	High	94	6.69	18.79																	
caregiver staffing agency near me	USD	50	0%	0%	Medium	65	1.60	9.28																	
all home care agency	USD	50	0%	-90%	High	68	1.53	5.12																	
home care options for elderly	USD	500	0%	0%	High	77	4.23	15.00																	
private home health aides near me	USD	50	0%	0%	High	96	4.58	10.76																	
structured family home care	USD	500	0%	-90%	Medium	43	3.37	11.10																	
caregiver san diego	USD	500	0%	0%	Medium	55	4.35	20.26																	
caregiving license	USD	500	0%	0%	Medium	43	1.50	14.56																	
california home care	USD	500	0%	-90%	Medium	39	2.49	6.11																	
home care agencies in massachusetts	USD	500	900%	0%	Low	22	1.98	6.58																	
independence home care	USD	500	0%	0%	Low	18	2.37	9.54																	
getting care for elderly at home	USD	50	0%	0%	High	82	3.51	12.99																	
homecare website	USD	500	900%	0%	Medium	62	2.44	10.69																	
phone number to patriot home care	USD	50	0%	0%	Medium	57	8.05	20.82																	
caretaker pay	USD	500	0%	0%	Medium	38	1.93	7.43																	
need help with elderly parent	USD	50	0%	0%	Medium	59	2.89	11.24																	
caregiver in florida	USD	500	0%	0%	Medium	51	2.43	7.41																	
home health care programs	USD	500	0%	0%	Medium	51	2.19	8.49																	
pay for caregiver at home	USD	50	0%	0%	Medium	42	1.35	7.74																	
private duty agencies near me	USD	50	0%	0%	High	78	2.77	10.26																	
family member caregiver compensation	USD	50	0%	0%	Medium	46	0.24	4.22																	
home care denver	USD	5000	0%	0%	Medium	40	3.58	11.87																	
help at home caregivers	USD	500	0%	0%	High	74	2.30	11.24																	
taking care of mom at home	USD	50	0%	0%	Medium	62	3.89	8.78																	
cheap caregivers near me	USD	50	0%	0%	High	77	5.64	14.34																	
caregiver jobs illinois	USD	500	0%	0%	Medium	37	0.42	2.73																	
help at home savannah ga	USD	500	0%	900%	Low	6	1.47	4.03																	
programs that pay family caregivers	USD	500	0%	0%	Medium	38	1.14	8.03																	
elderly helper	USD	500	0%	0%	Medium	34	1.31	7.91																	
private carers in my area	USD	50	0%	0%	Unknown																				
home health aide assistance	USD	50	900%	0%	Low	18	2.43	12.20																	
illinois caregiver program	USD	500	0%	0%	Medium	38	1.50	6.25																	
care for parents at home	USD	500	0%	-90%	Medium	55	2.12	9.50																	
home health care insurance for seniors	USD	50	0%	0%	High	79	4.50	12.50																	
freedom care home	USD	50	0%	0%	Medium	50	2.69	12.19																	
agencia de home care	USD	500	0%	0%	Medium	55	1.90	5.71																	
consumer directed services	USD	50000	0%	0%	Low	6	1.08	5.42																	
home health care chicago	USD	500	0%	0%	High	71	3.03	10.48																	
home health care options	USD	50	0%	0%	High	68	2.29	9.72																	
private home care vancouver	USD	50	0%	-100%	Unknown																				
caregivers looking for work	USD	500	0%	0%	Low	33	0.66	5.09																	
private pay caregivers near me	USD	50	0%	0%	High	75	2.08	8.97																	
preferred homecare of new york	USD	5000	0%	900%	Low	26	1.42	4.31																	
daily home health care	USD	50	0%	0%	High	81	3.23	8.48																	
looking for in home caregiver	USD	50	0%	0%	Low	25	2.69	14.86																	
medicaid home care agencies	USD	500	0%	0%	Medium	44	3.22	12.57																	
independent in home caregivers	USD	50	0%	-90%	High	86	2.36	11.14																	
georgia medicaid caregiver program	USD	50	0%	0%	Medium	38	1.51	7.61																	
home care agencies reading pa	USD	50	0%	0%	High	84	5.11	10.95																	
personal care provider near me	USD	500	0%	0%	High	69	4.38	16.25																	
home care florida	USD	500	0%	0%	Low	28	2.34	7.05																	
home health care connecticut	USD	500	0%	-90%	High	78	2.96	9.98																	
caregiver program for family member	USD	50	0%	0%	Medium	46	0.85	6.71																	
com for care home care	USD	500	0%	0%	Medium	45	2.04	7.85																	
home care nj	USD	5000	-90%	0%	Medium	39	2.47	9.39																	
home provider	USD	500	0%	0%	Low	24	3.12	12.36																	
freedom care north carolina	USD	50	0%	0%	Medium	44	4.23	16.31																	
caregiver cost	USD	500	0%	0%	Medium	39	1.67	5.46																	
private care for elderly at home jobs	USD	50	0%	0%	Medium	56	0.50	2.70																	
private home health	USD	50000	0%	0%	Medium	46	2.28	8.31																	
home aid assistance	USD	50	0%	0%	High	80	4.50	12.30																	
missouri home health care	USD	500	0%	0%	Medium	41	2.46	8.00																	
at home assistance	USD	500	0%	-90%	Low	26	2.26	11.86																	
free home health care	USD	50	0%	0%	High	70	2.28	8.54																	
health at home agency	USD	50	0%	0%	High	76	2.26	7.68																	
caretakers for elderly near me	USD	50	0%	0%	High	89	6.88	20.52																	
home care agencies in manhattan	USD	500	0%	0%	Medium	51	2.04	8.86																	
help at home scranton	USD	500	0%	0%	Low	24	1.89	5.79																	
private hha agency	USD	5000	900%	0%	Medium	46	2.48	11.21																	
free home care	USD	50	0%	0%	Medium	51	2.81	12.27																	
home care agencies bronx	USD	500	0%	0%	Medium	57	2.25	9.16																	
at home instead senior care	USD	500	0%	0%	Medium	58	1.78	7.05																	
in home nurse for elderly	USD	500	0%	0%	High	76	3.91	15.76																	
home healthcare aide	USD	50000	0%	-90%	Medium	46	3.01	10.99																	
caregiver 24 hour home care	USD	50	0%	0%	High	87	4.59	13.06																	
home care services nyc	USD	500	900%	0%	Medium	47	2.51	8.65																	
in home healthcare agencies	USD	50000	0%	0%	Low	16	3.51	15.01																	
help with elderly care	USD	500	0%	0%	High	74	2.95	11.40																	
i need a caregiver for myself	USD	50	0%	0%	High	71	4.81	20.00																	
caregivers for seniors near me	USD	500	0%	900%	Low	12	2.54	12.06																	
home aide for elderly	USD	500	0%	900%	High	79	3.13	15.23																	
private personal care assistant	USD	50	0%	0%	Medium	57	1.82	6.58																	
home health care reno	USD	500	0%	0%	Medium	56	3.64	9.88																	
get paid for caregiving	USD	500	0%	-90%	Medium	44	1.44	8.70																	
24 7 nurse care at home	USD	50	0%	0%	High	92	3.87	12.94																	
home care agencies in queens	USD	500	0%	0%	Medium	53	2.32	8.80																	
hire caregiver for a day	USD	50	0%	0%	High	82	4.35	16.30																	
at home health care near me	USD	500	900%	0%	Medium	57	2.96	14.63																	
daily nurse care at home	USD	50	0%	0%	High	90	4.29	18.00																	
live in caretaker for elderly	USD	50	0%	0%	High	79	3.10	10.33																	
family caregiver program colorado	USD	50	0%	0%	Medium	57	5.38	39.01																	
caregiver service near me	USD	5000	0%	900%	Low	22	4.31	21.22																	
i need help taking care of my elderly mother	USD	50	0%	0%	High	72	4.10	20.96																	
elderly companions	USD	5000	0%	-90%	Medium	63	2.27	8.77																	
help at home health care	USD	50	0%	-90%	Medium	52	2.17	9.26																	
looking for caregiver for elderly	USD	50	0%	0%	High	67	3.19	14.10																	
keep mom at home	USD	50	0%	0%	High	75	2.71	11.75																	
home care elderly near me	USD	5000	0%	900%	Low	19	4.06	18.95																	
best in home care services	USD	500	0%	-90%	Low	32	2.42	5.98																	
freedom care nc	USD	50	0%	0%	High	79																			
in home care colorado springs	USD	500	0%	900%	Medium	47	4.39	14.32																	
highest paid home health agency	USD	50	0%	0%	Medium	64	2.66	11.21																	
home health agencies that accept medicaid	USD	500	0%	0%	Medium	51	2.01	8.03																	
family caregiver pay rate colorado	USD	50	0%	-90%	Medium	43																			
staffing agency for caregivers	USD	50	0%	0%	High	82	1.95	7.46																	
get paid for home health care	USD	50	0%	0%	Medium	58	1.75	10.00																	
adult home care near me	USD	500	0%	0%	High	76	2.91	11.41																	
near me home care	USD	5000	-90%	0%	Low	18	3.39	15.85																	
best home care agencies in ct	USD	500	0%	0%	Medium	42	2.32	9.26																	
short term in home care for elderly	USD	50	0%	0%	High	100	5.96	21.14																	
in home care companies near me	USD	50	0%	0%	Medium	65	2.87	14.28																	
home health care through medicare	USD	50	0%	0%	High	69	1.26	6.64																	
homecare alternatives	USD	500	0%	0%	Low	5	1.85	4.49																	
daily home care services	USD	500	0%	0%	Medium	37	1.20	8.00																	
caregiver search	USD	500	0%	0%	High	69	6.37	24.40																	
cdpap pennsylvania	USD	500	-90%	-90%	Medium	55	1.80	5.55																	
cdpap nj	USD	500	0%	0%	Low	17	1.08	3.61																	
looking for caregiver near me	USD	50	0%	-90%	High	96	3.47	15.24																	
get paid to care for family member in pa	USD	50	-90%	0%	Medium	62	2.95	17.08																	
caregiver programs near me	USD	50	0%	-90%	High	82	2.12	8.10																	
right at home nj	USD	500	0%	0%	Medium	35	1.37	7.00																	
always home care brooklyn	USD	500	0%	0%	Medium	35	1.48	5.07																	
home healthcare business	USD	5000	-90%	-90%	Medium	45	2.46	10.42																	
get paid for home care	USD	50	0%	0%	Medium	58	1.75	10.00																	
home health insurance plans	USD	50	0%	0%	Medium	43																			
home health aide for disabled adults	USD	50	0%	0%	High	82	2.33	10.88																	
home care center	USD	500	0%	0%	Low	21	2.20	8.10																	
home health care app	USD	500	0%	0%	Medium	52	3.21	10.74																	
care home health	USD	500	0%	0%	Low	21	1.80	7.79																	
phone number for patriot home care	USD	50	0%	0%	High	76	6.79	17.50																	
home health care denver	USD	5000	0%	0%	Medium	40	3.58	11.87																	
home care solutions	USD	50000	0%	-90%	Low	20	2.02	7.78																	
georgia caregiver program	USD	500	0%	0%	Medium	65	1.64	6.77																	
caregivers in san antonio	USD	500	0%	0%	High	70	3.13	18.73																	
the home care agency	USD	50	0%	0%	Medium	41	2.97	13.57																	
hourly caregivers near me	USD	50	0%	0%	High	96	4.36	14.03																	
freedom care texas	USD	50	0%	0%	Medium	58	2.00	7.58																	
structured family caregiving program	USD	500	-90%	-90%	Medium	40	1.48	8.00																	
right to home	USD	50	0%	0%	Low	32	1.78	7.81																	
part time in home caregiver	USD	500	0%	0%	Medium	43	1.96	9.02																	
highest paying home care agency	USD	50	0%	0%	Medium	61	2.30	13.17																	
non medical home health care	USD	50000	0%	-90%	Low	7	2.20	6.87																	
live in health aide	USD	50	0%	0%	High	74	2.32	8.17																	
being a caretaker for a family member	USD	50	0%	0%	Medium	39	0.83	6.73																	
home care organizations	USD	500	900%	0%	Low	26	3.10	12.13																	
at home aid for elderly	USD	50	0%	0%	High	80	5.34	13.64																	
home health care number	USD	50	0%	0%	High	71	3.94	18.13																	
caregivers phoenix	USD	500	-90%	-90%	Medium	66	3.59	16.43																	
find a caretaker	USD	500	0%	0%	High	69	6.37	24.40																	
home health agency los angeles	USD	500	0%	-90%	Medium	57	2.58	9.26																	
caregiver support program	USD	5000	0%	-90%	Low	18	1.78	7.85																	
caregiver office near me	USD	50	0%	0%	High	74	2.41	12.22																	
senior care providers	USD	5000	0%	-90%	Low	7	3.60	16.60																	
personal home health aide	USD	50	0%	0%	High	71	2.66	11.92																	
non medical home care insurance	USD	50	0%	0%	High	77	15.74	47.54																	
in home support services colorado	USD	500	0%	0%	Medium	61	3.19	24.33																	
home health care that accepts medicaid	USD	500	0%	0%	Medium	53	2.62	10.96																	
starting a caregiver business	USD	50	0%	0%	Medium	50	2.75	9.55																	
peace of mind home care	USD	500	0%	0%	Low	16	2.11	7.45																	
best caregiver agency	USD	500	0%	0%	High	80	3.61	12.49																	
home health care that takes medicare	USD	500	0%	0%	High	79	2.85	9.81																	
short term caregiver	USD	50	0%	0%	Medium	46	3.50	12.15																	
personal assistant for seniors	USD	500	900%	0%	Medium	46	2.85	8.24																	
independent home care provider	USD	50	0%	0%	Medium	60	1.92	9.02																	
hha caregiver	USD	500	0%	0%	Medium	43	2.14	9.68																	
care for aging parents	USD	500	0%	0%	Medium	47	0.65	8.10																	
home health care agencies that pay weekly	USD	50	-90%	0%	Medium	65	4.28	14.98																	
homemaker services for seniors	USD	500	-90%	-90%	Medium	57	2.32	7.47																	
home care agencies in maryland	USD	5000	0%	0%	Medium	42	2.69	10.15																	
live in aides for seniors	USD	50	0%	-90%	High	73	3.02	11.86																	
24 hour senior care at home	USD	500	0%	0%	High	99	6.14	23.71																	
family caregiver pay rate massachusetts	USD	50	0%	-90%	Low	32																			
private caretakers	USD	50	-90%	-90%	Medium	62	2.38	9.10																	
home help aid	USD	50	0%	0%	Medium	57	2.44	11.77																	
become a certified caregiver	USD	50	0%	0%	Medium	64	1.20	19.95																	
medical in home care	USD	50	0%	0%	Medium	53	3.03	11.00																	
in home care aide	USD	500	0%	-90%	Medium	53	2.91	10.84																	
home help service agency	USD	500	900%	900%	Low	3	2.41	15.42																	
get paid to take care of parents	USD	500	0%	0%	Medium	53	1.15	6.58																	
adult home care services	USD	5000	0%	-90%	Medium	55	3.39	13.72																	
best of care	USD	500	0%	0%	Low	17	2.42	6.43																	
get money for taking care of family member	USD	50	0%	0%	Medium	39	1.18	11.71																	
adult home health care	USD	5000	0%	-90%	Medium	55	3.39	13.72																	
low cost caregivers	USD	50	0%	0%	High	88	1.01	13.86																	
home health care in florida	USD	500	0%	-90%	Medium	35	2.50	6.79																	
home health aide apps	USD	50	0%	-90%	Medium	52	3.53	9.80																	
national family caregivers month	USD	500	0%	0%	Low	3	2.48	4.35																	
pay to take care of elderly parent	USD	500	0%	900%	Medium	47	1.41	6.46																	
best home care agency nj	USD	500	0%	0%	High	71	2.32	9.44																	
by your side home care	USD	500	0%	0%	Low	22	2.11	7.96																	
caregiver resources near me	USD	50	0%	0%	High	71	2.06	5.18																	
delaware caregivers	USD	500	0%	0%	Low	20	1.63	6.62																	
home health aide brooklyn	USD	500	0%	0%	Medium	35	2.68	9.77																	
agencies for home health care	USD	500000	0%	-90%	Low	25	3.09	12.58																	
becoming a caregiver for a parent	USD	50	-90%	0%	Medium	34																			
caregiver payment	USD	5000	0%	0%	Low	28	1.24	7.96																	
home health aide columbus ohio	USD	50	0%	0%	High	79	2.33	8.66																	
short term adult care	USD	50	0%	0%	High	98	2.68	12.65																	
24 hour home care los angeles	USD	500	0%	0%	Medium	61	1.46	8.07																	
in home assisted living services	USD	50	0%	0%	Medium	39	3.74	14.08																	
sign up to be a caregiver	USD	50	0%	0%	High	69	2.20	13.02																	
caretakers for hire	USD	50	0%	0%	High	71	2.94	9.43																	
caregiver nurse	USD	500	0%	0%	Low	27	2.77	12.20																	
home care agencies hartford ct	USD	500	0%	0%	Low	10	3.46	9.80																	
in home health services near me	USD	50	0%	0%	High	81	2.29	14.06																	
home care services philadelphia	USD	5000	0%	0%	Medium	55	3.88	14.23																	
non medical home care	USD	50000	0%	-90%	Low	7	2.20	6.87																	
caregiver for elderly parent	USD	500	0%	0%	Low	6	2.55	10.51																	
consumer directed care	USD	5000	0%	0%	Low	10	2.16	5.10																	
home care agencies nassau county	USD	500	0%	-90%	High	80	3.83	11.40																	
personal care for elderly at home	USD	50	0%	-90%	Medium	63	2.16	11.02																	
home health aide program	USD	500	0%	0%	Medium	53	2.54	17.00																	
a better life home care	USD	500	0%	0%	Low	33	1.16	7.38																	
assisted in home care	USD	500	0%	0%	Medium	52	5.12	14.71																	
looking for private carers	USD	50	0%	0%	Unknown																				
carer live in	USD	50	0%	0%	High	86																			
caregiver paid by state	USD	500	0%	0%	Medium	34	1.24	6.15																	
home health care for elderly on medicare	USD	5000	0%	-90%	Medium	62	1.87	7.57																	
caregivers louisville ky	USD	50	0%	-90%	High	75	3.79	11.74																	
home care living	USD	50000	0%	-90%	Medium	42	2.75	12.14																	
home attendant near me	USD	50	0%	-90%	Medium	62	2.46	16.32																	
home health aide long island	USD	50	0%	0%	High	75	3.09	9.07																	
individual home care	USD	500	0%	0%	Medium	46	2.35	7.55																	
at home care home health	USD	500	0%	0%	Medium	49	2.42	11.35																	
home care services chicago	USD	50	0%	0%	Medium	52	3.82	10.08																	
apps for home health aides	USD	50	0%	0%	Medium	48	2.72	8.12																	
hha agency nyc	USD	5000	0%	0%	Medium	62	2.34	8.84																	
home care workers near me	USD	50	0%	0%	High	83	1.64	11.26																	
care choice	USD	5000	0%	0%	Low	19	3.86	20.83																	
live in home caregiver	USD	50000	0%	-90%	Medium	42	2.75	12.14																	
parent cna program	USD	50	0%	-90%	Low	21	3.34	51.75																	
health caregiver	USD	500	0%	0%	Low	25	2.41	10.50																	
help with elderly	USD	5000	0%	0%	Medium	48	2.43	8.78																	
agencias de hha	USD	500	0%	0%	Medium	52	1.45	3.97																	
structured family care	USD	500	0%	0%	Medium	49	2.45	8.92																	
list of home health agencies in las vegas	USD	500	900%	0%	Medium	43	2.31	8.67																	
nursing home assistance	USD	50	0%	-90%	High	67	3.11	11.59																	
home health care help	USD	50	0%	0%	High	79	3.54	15.49																	
private caregiver agencies near me	USD	50	0%	0%	High	73	2.37	11.95																	
private clients for home care	USD	50	0%	0%	High	67	2.55	10.09																	
in home care options	USD	500	0%	-90%	Low	24	2.22	8.72																	
caregivers job	USD	50000	0%	0%	Medium	43	0.64	3.32																	
starting home care business	USD	500	0%	0%	Medium	53	2.46	11.88																	
medicare home assistance	USD	500	0%	0%	Medium	64	1.71	6.61																	
elderly home assistance programs	USD	50	0%	0%	High	79	2.88	10.00																	
help for caregivers of elderly parents	USD	50	0%	0%	High	67	1.27	4.77																	
best home care near me	USD	500	0%	0%	Medium	45	2.54	10.64																	
caregiver schedule app	USD	50	0%	0%	Medium	48	4.85	15.31																	
home health aide staten island	USD	50	0%	-90%	Medium	63	3.51	9.76																	
one on one home care	USD	500	0%	0%	Medium	49	2.14	7.92																	
private hire home health aide	USD	50	0%	0%	High	86	2.65	9.32																	
right at home home health	USD	5000	0%	0%	Medium	53	1.71	7.15																	
home helpers for seniors	USD	50000	0%	-90%	High	80	2.73	12.00																	
home health aide massachusetts	USD	500	0%	-90%	Medium	51	2.39	8.52																	
i need a caretaker	USD	50	0%	-90%	Medium	60	4.11	19.86																	
24hr care	USD	500000	0%	0%	Low	14	2.01	9.98																	
help and home	USD	50000	0%	0%	Low	20	0.88	6.52																	
i want to be a caregiver	USD	50	0%	0%	Low	28	2.71	13.41																	
stay at home care agency	USD	50	0%	0%	High	68	3.58	23.54																	
at home care providers	USD	500	0%	-90%	High	73	3.52	13.20																	
i need help with my elderly mother	USD	50	0%	0%	Medium	61	4.24	16.02																	
in home care options for elderly	USD	50	0%	0%	Medium	63	3.70	11.14																	
home care agency hiring	USD	500	0%	0%	Medium	57	1.28	6.37																	
caring family home care	USD	50	0%	0%	Medium	48	2.61	7.64																	
home care los angeles	USD	500	0%	0%	Medium	45	3.19	13.16																	
24 hour care in home	USD	5000	0%	0%	Low	29	2.76	12.08																	
home health workers	USD	500	0%	0%	Medium	34	2.41	8.10																	
caring for seniors	USD	5000	0%	0%	Low	30	2.69	8.89																	
nurse to home	USD	5000	0%	0%	Medium	41	2.76	10.00																	
care for elderly people	USD	500	0%	-90%	Medium	35	2.48	9.32																	
caregiver support program pa	USD	500	0%	0%	Medium	41	2.73	8.35																	
home care allentown pa	USD	500	0%	0%	Medium	61	3.12	11.95																	
hha companies near me	USD	500	900%	900%	High	87	2.37	8.50																	
top home care agencies	USD	50	0%	0%	Medium	44	2.20	5.96																	
elderly assistant	USD	500	0%	0%	Medium	42	2.41	8.51																	
home care albuquerque	USD	500	0%	0%	Medium	58	4.22	10.36																	
caregiver sites	USD	500	0%	0%	Medium	60	2.24	9.25																	
a home care	USD	500	0%	-90%	Medium	47	3.44	12.00																	
7 day home care	USD	500	0%	0%	Low	13	1.61	4.94																	
one on one caregiver agency near me	USD	50	0%	0%	High	84	2.36	14.95																	
right at home nyc	USD	500	0%	0%	Medium	65	1.45	6.00																	
private nursing services near me	USD	50	0%	0%	High	90	2.72	10.45																	
home care policies	USD	500	0%	0%	Low	15	3.13	11.12																	
help at home williamsport pa	USD	500	0%	0%	Low	14	1.59	4.63																	
24hr nursing care at home	USD	50	0%	0%	High	94	2.96	12.15																	
caregivers in tucson	USD	500	0%	0%	Medium	66	2.86	10.00																	
better life home care	USD	500	0%	0%	Medium	35	1.87	10.24																	
health home care agency	USD	50	0%	0%	Medium	62	2.20	8.00																	
government assistance for caregivers	USD	500	0%	0%	Medium	39	1.12	8.15																	
paid family caregiver pa	USD	50	0%	0%	Medium	59	2.40	13.82																	
24 hour caregivers near me	USD	500	0%	0%	Medium	45	2.13	8.75																	
domiciliary care services	USD	500	900%	900%	Low	0																			
united healthcare home health aide	USD	50	0%	0%	Medium	38	3.50	8.85																	
non medical home care agency near me	USD	500	0%	0%	Medium	63	2.01	7.51																	
in home nurses for the elderly	USD	500	0%	0%	High	76	3.91	15.76																	
at home nursing care cost	USD	500	0%	0%	Medium	45	2.30	7.30																	
caregiver hourly rate	USD	500	0%	0%	Low	18	1.86	5.66																	
medicaid home care services	USD	5000	0%	0%	Low	26	2.06	9.53																	
adult family living	USD	50	0%	0%	Medium	58	2.64	10.87																	
stay in caregiver	USD	50	0%	0%	Medium	47	2.11	6.26																	
home aid care	USD	500	0%	0%	Medium	61	2.92	12.38																	
home care through medicaid	USD	50	0%	0%	Medium	45	2.39	8.50																	
help at home caregiver	USD	500	0%	0%	Medium	54	1.84	8.19																	
agencias de home attendant	USD	500	0%	0%	Medium	51	1.87	5.03																	
caregivers colorado springs	USD	50	0%	0%	High	76	4.28	16.34																	
home care chicago	USD	500	0%	0%	Medium	62	2.62	8.73																	
caregivers home health services	USD	500	0%	0%	Medium	34	1.91	5.80																	
ct home care	USD	500	0%	0%	Medium	45	2.56	8.37																	
home care in orlando florida	USD	500	0%	0%	Medium	40	2.99	18.92																	
full time caregiver cost	USD	50	0%	0%	Medium	56	2.01	8.20																	
in home care tucson	USD	500	-90%	-90%	High	69	3.50	13.94																	
caregivers for home care	USD	500	0%	0%	Medium	52	3.36	13.06																	
ohio caregiver application	USD	50	0%	-90%	Medium	38	1.91	3.20																	
home care providers san antonio	USD	500	0%	0%	Medium	54	2.30	8.81																	
in home health care for seniors near me	USD	50	0%	0%	High	90	3.82	18.48																	
paid home care	USD	500	0%	0%	Medium	47	2.21	10.00																	
home aide agency near me	USD	50	0%	0%	High	90	3.90	11.60																	
local caregiver agencies	USD	50	0%	0%	Medium	51	3.81	15.00																	
all care home care	USD	500	0%	0%	Low	21	1.63	5.19																	
family resources home care	USD	5000	0%	0%	Low	15	1.66	6.49																	
home help nurse	USD	500	0%	0%	Medium	57	2.13	11.21																	
care partners at home	USD	500	0%	0%	Low	13	2.68	11.32																	
nj family caregiver program	USD	50	-90%	0%	Medium	39	1.50	5.54																	
caregiver respite program	USD	500	0%	-90%	Medium	45	1.99	6.78																	
opening a home care agency	USD	50	0%	0%	Medium	63	3.93	11.93																	
looking for home health care	USD	50	0%	0%	Medium	59	5.28	28.47																	
caring for a loved one	USD	500	0%	0%	Low	17	3.02	13.68																	
home provider services near me	USD	50	0%	0%	High	69	2.44	11.55																	
home helpers phone number	USD	50	0%	0%	Medium	39	3.37	12.93																	
at home adult care	USD	500	0%	0%	High	86	4.33	14.94																	
home and care	USD	500	0%	0%	Medium	58	2.73	11.80																	
home help care agency	USD	500000	0%	-90%	Low	25	3.09	12.58																	
home health aide agency in brooklyn	USD	500	0%	0%	Medium	57	1.96	8.73																	
home care start up business	USD	500	0%	0%	Medium	53	2.46	11.88																	
home caregiver agency	USD	500	0%	0%	Medium	64	3.10	14.72																	
pca home care agency	USD	50	0%	0%	Medium	63	2.23	8.42																	
insurance for elderly home care	USD	50	0%	0%	High	89	2.52	12.91																	
live in homecare for the elderly	USD	50	0%	0%	High	76	4.52	17.83																	
best caregivers for seniors	USD	50	0%	0%	High	73	3.69	10.24																	
senior care home care	USD	5000	0%	-90%	Medium	40	2.23	7.59																	
senior care home health	USD	50	0%	0%	Medium	64	2.24	10.79																	
home care aide services	USD	5000	0%	0%	Low	11	2.92	13.33																	
at home home care agency	USD	5000	0%	0%	Medium	52	1.97	7.89																	
facility home care near me	USD	50	0%	0%	High	82	2.86	15.08																	
on call home health care	USD	500	0%	0%	Low	18	3.74	13.36																	
caregivers training	USD	5000	0%	0%	Medium	35	1.20	12.38																	
home health care agencies nyc	USD	5000	0%	0%	Medium	62	2.34	8.84																	
caregivers watertown ny	USD	500	0%	0%	Low	26	1.10	5.18																	
caregiver california	USD	50	0%	-90%	Medium	41	2.10	6.98																	
assistance for elderly living at home	USD	500	0%	-90%	High	75	2.77	10.36																	
at home nursing services near me	USD	50	0%	0%	High	71	2.54	8.51																	
best caregivers near me	USD	50	900%	900%	Low	9	5.86	30.54																	
always home caregiving	USD	5000	0%	0%	Low	11	1.51	5.28																	
caregiver agency orange county	USD	50	0%	0%	High	70	3.48	16.75																	
caregiver for senior citizens	USD	50	0%	0%	High	69	4.00	11.31																	
home and health care	USD	500	0%	0%	Low	31	2.19	7.80																	
private duty aides near me	USD	50	0%	0%	Medium	59	3.49	11.84																	
caregiver services for elderly	USD	50	0%	-90%	Medium	47	5.64	18.25																	
in home 24 hour care cost	USD	50	0%	0%	Medium	36	2.69	11.29																	
home health aide indianapolis	USD	50	0%	-90%	High	82	3.29	11.51																	
home health aide syracuse ny	USD	50	0%	0%	Medium	47	1.64	8.94																	
home care miami	USD	500	0%	0%	Low	33	2.10	15.98																	
home health las vegas	USD	5000	0%	0%	Medium	45	2.62	8.56																	
help taking care of elderly parents	USD	50	0%	0%	High	73	2.95	9.45																	
home care that accepts medicare	USD	500	0%	0%	High	79	2.85	9.81																	
va home care assistance	USD	500	-90%	-90%	Medium	58	0.86	7.16																	
get paid to care for disabled family member	USD	50	0%	0%	Medium	46	1.69	8.42																	
top paying home care agencies	USD	500	0%	-90%	Medium	61	1.74	9.75																	
florida caregiver program	USD	500	0%	0%	Low	24	1.70	5.33																	
live in 24 hour care	USD	50	0%	0%	Medium	63	5.72	17.03																	
in home support services virginia	USD	50	0%	0%	Medium	55	1.65	4.09																	
caregivers charleston sc	USD	50	0%	0%	High	73	6.54	19.71																	
list of home care agencies in illinois	USD	50	0%	-90%	Medium	45	4.29	7.10																	
family caregiving program	USD	500	0%	0%	Medium	36	1.71	7.82																	
agencies for home health aides	USD	50	0%	0%	High	83	3.01	11.21																	
connecticut in home assistance	USD	500	0%	0%	Low	26	2.08	6.63																	
find local caregivers	USD	50	0%	0%	High	93	3.90	15.70																	
right at home home health care	USD	500	0%	0%	Medium	42	1.91	7.19																	
private caregivers for seniors	USD	500	0%	-90%	Medium	39	3.74	14.80																	
caregiver places near me	USD	500	0%	0%	Medium	65	3.18	9.95																	
american home care services	USD	500	0%	0%	Medium	59	1.98	6.23																	
medicare home help	USD	50000	-90%	-90%	Medium	34	1.31	6.07																	
home care for medicare patients	USD	50	900%	900%	Medium	64	1.83	6.20																	
florida medicaid caregiver program	USD	500	0%	-90%	Low	26	1.44	4.60																	
live in caretakers near me	USD	50	0%	0%	High	90	2.35	7.30																	
insurance for private caregivers	USD	50	0%	0%	High	78	7.31	26.97																	
home care queens ny	USD	500	0%	0%	Medium	44	2.96	11.49																	
medicaid family caregiver program	USD	500	0%	0%	Low	23	2.20	7.91																	
24 hour care in your own home	USD	50	0%	-100%	Unknown																				
start a home care agency	USD	500	0%	0%	Medium	53	3.61	14.98																	
pca for family member	USD	50	0%	0%	Medium	61	2.78	9.78																	
non medical home care near me	USD	500	0%	900%	Medium	34	2.01	7.00																	
home health care nj	USD	5000	-90%	0%	Medium	39	2.47	9.39																	
phone number for home care	USD	50	0%	0%	High	79	4.92	16.29																	
caregiver information	USD	50	0%	-90%	Medium	34	1.14	8.54																	
in home health care aide	USD	500	0%	-90%	Medium	53	2.91	10.84																	
private home nursing care near me	USD	50	0%	0%	High	68	3.72	10.98																	
get paid to be a caregiver for family member	USD	500	0%	0%	Medium	39	1.00	7.06																	
full time in home care for elderly	USD	500	0%	-99%	High	67	3.59	11.99																	
health aides for home	USD	50	0%	0%	High	78	3.00	12.38																	
cdpap ct	USD	500	0%	-90%	Medium	49	1.47	7.00																	
private care clients	USD	50	0%	0%	Medium	43																			
in home care columbia sc	USD	50	0%	-90%	Medium	43	4.01	15.99																	
in home health care agencies near me	USD	50	900%	900%	High	73	3.38	12.86																	
care visits at home	USD	500	0%	0%	Medium	40	2.49	10.40																	
in home provider services	USD	50	0%	0%	Medium	56	2.35	9.41																	
caregiver services for disabled adults	USD	50	0%	0%	High	68	1.95	18.32																	
non medical home care services	USD	50000	900%	0%	Low	6	2.19	6.32																	
pa home care	USD	500	0%	0%	Medium	38	2.36	7.51																	
help at home pittsburgh pa	USD	500	0%	-90%	Low	17	1.70	4.15																	
home healthcare for seniors	USD	50000	900%	0%	Low	14	3.45	14.77																	
list of home health agencies in georgia	USD	500	0%	-90%	High	93																			
private caregiver services	USD	500	0%	-90%	Low	22	5.61	20.86																	
family caregiver app	USD	50	0%	0%	Medium	65	2.50	8.06																	
home care reviews	USD	50	900%	900%	Low	17	2.54	6.06																	
at home caregiver cost	USD	50	0%	0%	Medium	47	2.38	8.07																	
medicaid home health	USD	5000	0%	0%	Low	26	2.06	9.53																	
home care llc	USD	500	0%	0%	Low	26	2.20	6.20																	
assistance at home	USD	500	0%	-90%	Low	26	2.26	11.86																	
affordable home care	USD	5000	0%	-90%	Low	33	2.49	8.27																	
better solutions home care	USD	500	0%	0%	Medium	36	1.53	5.63																	
help with senior care at home	USD	50	0%	0%	High	76																			
live in caregiver massachusetts	USD	50	0%	0%	Medium	55	1.79	7.44																	
in home support services texas	USD	50	0%	0%	Medium	47	1.65	5.59																	
private pay clients for home care	USD	50	0%	0%	High	74	3.90	18.49																	
caregivers connecticut	USD	50	0%	0%	Medium	61	2.06	6.82																	
government caregiver program	USD	500	0%	0%	Medium	37	1.50	6.81																	
elder care help at home	USD	50	0%	0%	High	74	6.34	15.86																	
home care agencies that accept medicaid	USD	500	0%	0%	Medium	51	2.01	8.03																	
home medical assistance	USD	50	0%	0%	Medium	55	2.58	9.39																	
stay home care	USD	500	0%	0%	Low	20	2.13	8.10																	
private care services near me	USD	50	0%	0%	High	94	2.80	6.69																	
hire carer	USD	500	0%	0%	Low	5	1.39	18.34																	
home health assistance near me	USD	50	0%	0%	High	89	1.51	15.14																	
complete homecare pa	USD	500	-90%	0%	Medium	47	3.12	8.41																	
home care through medicare	USD	50	0%	0%	Medium	55	1.64	10.24																	
family care agency	USD	50	0%	0%	Medium	51	2.00	8.12																	
find carer	USD	5000	0%	0%	Low	15	2.73	9.77																	
caregiver support near me	USD	50	0%	0%	Medium	54	1.96	8.10																	
right at home care services	USD	5000	0%	0%	Medium	53	1.71	7.15																	
home health that accepts medicare	USD	50	0%	0%	High	67	3.29	11.10																	
live in care options	USD	50	∞	0%	High	86																			
elderly in home care options	USD	500	0%	0%	High	77	4.23	15.00																	
cheap home care for elderly	USD	50	0%	0%	High	100	4.06	15.49																	
home health for elderly	USD	5000	0%	-90%	Medium	36	2.54	11.65																	
paid caregivers for family members	USD	500	-90%	0%	Medium	49	1.09	8.11																	
private in home caregivers near me	USD	50	0%	0%	Medium	61	2.61	10.71																	
hha agency queens	USD	500	0%	0%	Medium	53	2.32	8.80																	
at home care missouri	USD	50	0%	-90%	Medium	59	3.48	9.43																	
carers for the elderly near me	USD	50	0%	0%	High	83	3.22	14.35																	
medicaid cdpap program	USD	50	0%	0%	Medium	57	1.15	4.75																	
live in health care aide	USD	50	0%	0%	High	87	2.78	10.36																	
home care for elderly people	USD	500	0%	-90%	Medium	60	3.25	9.85																	
home caregiver training	USD	50	0%	0%	Medium	53	1.82	12.89																	
home health care through medicaid	USD	50	0%	0%	Medium	53	1.95	11.36																	
homecare for elderly at home	USD	50	0%	0%	High	99	6.96	33.44																	
home care agency in long island	USD	500	0%	0%	High	72	2.51	9.00																	
find private care clients	USD	50	0%	0%	Medium	66	6.72	25.00																	
number one home care	USD	500	0%	0%	Low	30	2.53	7.37																	
home care person	USD	50	0%	0%	High	68	2.93	21.23																	
starting a non medical home care agency	USD	50	0%	0%	Medium	62	3.74	11.34																	
home health aide philadelphia pa	USD	500	0%	0%	High	79	5.66	15.22																	
list of home care agencies in chicago	USD	500	0%	0%	Medium	53	1.87	6.33																	
call help at home	USD	50	0%	0%	Medium	56	2.70	12.25																	
home health and personal care aides	USD	500	0%	0%	Low	17	2.56	9.94																	
home health options	USD	50	0%	0%	Medium	40	2.29	7.19																	
home care long island	USD	500	0%	0%	Medium	66	2.19	8.00																	
local home care	USD	5000	900%	-90%	Medium	41	3.56	16.69																	
home care personal assistant	USD	50	0%	0%	Medium	48	2.49	9.21																	
pay for taking care of elderly parents	USD	500	0%	900%	Medium	47	1.41	6.46																	
care for adults	USD	50	0%	0%	Medium	53	2.96	9.20																	
medicare and in home care	USD	50000	-90%	-90%	Medium	34	1.31	6.07																	
help at home savannah	USD	50	0%	-90%	Low	7	1.56	4.79																	
home health aide through medicaid	USD	50	0%	0%	Medium	45	1.98	11.30																	
start a home health agency	USD	500	0%	0%	Medium	59	2.97	9.84																	
best hha agency near me	USD	50	0%	0%	High	94	2.54	8.78																	
caregiver employment	USD	500	900%	900%	Medium	37	0.76	3.50																	
local home health care	USD	50	0%	0%	Medium	56	3.00	9.15																	
patriot home care reading pa	USD	50	-90%	0%	Medium	58	2.84	9.20																	
best homecare agency	USD	5000	0%	-90%	Medium	51	2.02	9.65																	
bestcare home care	USD	5000	0%	0%	Low	24	1.74	6.32																	
caregiver counseling	USD	500	0%	0%	Low	15	2.00	6.84																	
caregiver hotline	USD	50	0%	0%	Medium	37	2.26	7.14																	
freedom care ohio	USD	50	0%	900%	High	69	2.49	14.74																	
home care assistance of dallas	USD	500	0%	0%	Low	24	1.86	8.19																	
private pay home care agencies	USD	500	0%	0%	Medium	48	2.02	7.71																	
home health visits	USD	500	0%	0%	Medium	40	2.49	10.40																	
home health aide agency nj	USD	500	0%	0%	High	69	2.40	9.68																	
free in home care for seniors	USD	500	0%	0%	Medium	62	1.81	5.98																	
home care orange county	USD	500	0%	0%	High	75	2.86	14.31																	
hourly senior care	USD	50	0%	0%	Medium	46																			
in home caregiver agencies near me	USD	50	0%	0%	Medium	66	2.68	13.45																	
care at your home	USD	50	-100%	0%	Unknown																				
home health care that takes medicaid	USD	500	0%	0%	Medium	53	2.62	10.96																	
home care staten island	USD	500	900%	0%	Medium	40	3.09	10.50																	
private home care st louis	USD	50	0%	0%	Medium	54	3.10	8.83																	
home care agency houston	USD	5000	0%	-90%	Medium	38	2.35	8.15																	
united home care agency	USD	500	0%	0%	Low	20	1.73	5.41																	
one you love homecare	USD	500	0%	0%	Low	25	2.29	8.10																	
florida family caregiver program	USD	500	-90%	-90%	Low	18	1.40	6.54																	
home health care for elderly parent	USD	50	0%	-90%	Medium	35	1.91	12.08																	
private duty near me	USD	50	0%	0%	Medium	66	2.13	8.16																	
home care needed near me	USD	50	0%	0%	High	71	2.19	5.02																	
adult caretaker	USD	50	0%	0%	Medium	66	3.79	12.67																	
ihss colorado pay	USD	50	0%	0%	High	71	3.13	14.84																	
care at home providers	USD	50000	900%	0%	Low	8	2.85	12.20																	
caregivers dallas	USD	500	0%	-90%	High	76	3.00	12.20																	
in home care facilities near me	USD	50	0%	0%	Medium	60	3.14	13.59																	
24hr home health care	USD	50	0%	0%	Medium	52	3.54	11.86																	
freedom care virginia	USD	50	0%	0%	Medium	46	2.20	8.37																	
paid to take care of family	USD	50	0%	0%	Medium	57	2.52	12.11																	
personal care assistant agency	USD	500	0%	-90%	Low	28	4.10	10.00																	
care in own home for elderly	USD	50	0%	0%	Medium	36																			
paid caregiver through medicaid	USD	50	0%	0%	Low	26	1.58	7.64																	
in house nurse care near me	USD	50	0%	0%	High	96	4.68	23.69																	
home care brooklyn	USD	5000	0%	-90%	Low	29	2.60	9.09																	
home care system	USD	50	0%	0%	Medium	53	3.50	42.04																	
home healthcare assistance	USD	500	-90%	-90%	Medium	49	2.70	9.61																	
home health aide michigan	USD	50	0%	-90%	Medium	53	2.89	10.00																	
caregiver number	USD	50	0%	0%	Medium	49	3.27	9.42																	
live in healthcare	USD	50	0%	-90%	High	89	3.44	9.59																	
family caregiver pay rate missouri	USD	50	0%	-90%	Low	0																			
colorado ihss	USD	50	0%	0%	Medium	45	2.98	24.67																	
at home solutions	USD	500	900%	900%	Low	8	1.70	5.07																	
home care bronx	USD	500	0%	0%	Medium	34	2.91	10.15																	
medicaid caregiver program florida	USD	50	0%	0%	Low	32	1.82	5.88																	
home health care long island	USD	500	0%	0%	Medium	65	3.11	10.37																	
adult care in home	USD	5000	0%	0%	Medium	65	5.13	20.84																	
caregivers albuquerque	USD	50	900%	0%	High	75	3.97	18.28																	
home health care michigan	USD	500	0%	0%	Medium	42	2.35	9.15																	
freedom care south carolina	USD	50	0%	0%	Medium	63	1.00	4.67																	
24 hour caregiver services	USD	50	0%	0%	Medium	66	4.21	15.00																	
home care services for seniors near me	USD	500	0%	-90%	Medium	40	3.30	9.93																	
visiting home care services	USD	50	0%	0%	High	97	3.08	16.05																	
caregiver aide	USD	50	0%	0%	Medium	41	2.26	9.47																	
loving home care	USD	500	0%	0%	Low	22	2.20	7.45																	
home care charlotte nc	USD	500	0%	0%	Low	30	2.64	10.09																	
care services at home	USD	500000	0%	-90%	Low	8	3.00	13.19																	
caregivers fort worth	USD	500	0%	0%	Low	20	2.66	9.19																	
private home health care services	USD	50	0%	0%	High	73	2.99	11.28																	
home instead home health care	USD	500	900%	0%	Medium	40	2.06	7.33																	
caregivers indianapolis	USD	50	0%	-90%	Medium	64	3.74	14.88																	
help at home number	USD	500	0%	0%	Low	29	2.23	12.04																	
paid to take care of disabled family member	USD	50	0%	0%	Medium	41	2.09	8.19																	
private in home care services	USD	500	0%	0%	Low	13	2.28	10.83																	
senior home care agencies	USD	50000	900%	-90%	Low	12	2.61	12.00																	
live in full time carer	USD	50	-100%	0%	Unknown																				
private pay home health	USD	5000	0%	-90%	Medium	46	2.21	8.10																	
caregivers charlotte nc	USD	50	0%	0%	High	74	3.34	10.77																	
care in my home	USD	50	0%	0%	Low	8																			
medicaid home help program	USD	500	0%	0%	Medium	51	2.42	6.98																	
getting in home care for elderly	USD	50	0%	0%	High	87	2.78	10.75																	
patriot home care harrisburg pa	USD	50	0%	0%	Low	32	3.01	11.14																	
private aide services	USD	50	0%	0%	High	71	2.62	11.06																	
respite services for caregivers	USD	500	0%	0%	Low	21	1.97	7.74																	
right at home website	USD	50	0%	0%	Low	30	0.83	8.01																	
home health care options for seniors	USD	50	0%	0%	High	79	2.22	10.33																	
hha services	USD	500	0%	0%	Low	29	2.51	8.17																	
health at home care	USD	500	0%	0%	Medium	36	1.95	8.13																	
home health care business start up	USD	50	0%	0%	High	69	3.29	11.18																	
family home health aide program	USD	500	900%	0%	Medium	50	1.90	8.34																	
help at home allentown pa	USD	50	0%	-90%	Medium	64	1.77	7.72																	
at home nurse near me	USD	50	0%	0%	High	89	3.79	12.78																	
live in aide cost	USD	50	0%	0%	Medium	62	2.03	6.17																	
care in the home health services	USD	50	0%	0%	Medium	44	2.66	12.50																	
best caregiver apps	USD	500	0%	-90%	High	72	2.95	10.81																	
caregiver homes of massachusetts	USD	50	0%	0%	Medium	61	2.76	7.03																	
cdpap pa	USD	500	-90%	-90%	Medium	41	2.14	6.85																	
home health application	USD	50	0%	0%	Medium	39	2.57	7.75																	
caregivers of america pennsylvania	USD	50	0%	0%	High	69	3.67	9.48																	
home health business start up	USD	50	0%	0%	High	69	3.29	11.18																	
health aide agency	USD	50	0%	0%	High	80	3.50	13.01																	
home health aide san diego	USD	50	0%	0%	Medium	63	2.53	11.50																	
hiring a caregiver for elderly parent	USD	50	0%	0%	Medium	56	2.22	10.00																	
paid home health aide training	USD	500	900%	900%	Medium	52	1.53	10.91																	
home care agencies in westchester county ny	USD	50	0%	-90%	High	77	2.99	16.70																	
family member home care provider	USD	50	0%	0%	High	81	1.57	5.66																	
hourly elderly care	USD	500	0%	0%	High	87	3.24	16.16																	
help in home care	USD	50	0%	0%	Medium	64	2.98	15.30																	
caregiver in georgia	USD	50	0%	0%	Medium	62	2.14	8.53																	
medicare home care services	USD	50000	-90%	-90%	Medium	34	1.31	6.07																	
ihss oregon	USD	500	0%	0%	Low	27	2.36	9.04																	
in house respite care	USD	50	0%	0%	Medium	60	3.28	7.78																	
self directed care	USD	500	0%	0%	Low	11	2.49	7.39																	
home care columbus ohio	USD	5000	0%	0%	Medium	39	2.86	9.97																	
personal care services for elderly	USD	5000	0%	-90%	Low	12	3.05	12.99																	
assistance for the elderly at home	USD	50	0%	0%	High	86	4.05	15.42																	
daily caregiver	USD	50	0%	0%	Medium	44	4.28	8.44																	
live in health care provider	USD	50	0%	0%	High	95	2.88	10.14																	
all home care	USD	500	0%	0%	Low	26	1.99	7.57																	
help for elderly people	USD	5000	0%	0%	Medium	48	2.43	8.78																	
seniors home care near me	USD	5000	0%	0%	Low	18	3.74	17.48																	
right home care agency	USD	500	0%	0%	Medium	63	1.83	6.98																	
at home caregiver near me	USD	50	0%	0%	High	67	1.86	14.03																	
home health aide buffalo ny	USD	50	0%	0%	Medium	66	1.77	5.67																	
caregivers atlanta	USD	500	0%	-90%	High	72	2.82	13.44																	
finding help for elderly parents	USD	50	0%	0%	High	84	1.72	10.21																	
state caregiver program	USD	500	0%	0%	Medium	44	1.38	6.62																	
home care 24 hours	USD	5000	900%	0%	Low	33	3.17	13.59																	
freedom care massachusetts	USD	500	0%	-90%	Medium	54	2.95	9.71																	
live in care agencies in london	USD	50	0%	0%	Low	23																			
home health that accepts medicaid	USD	500	0%	0%	Medium	53	2.62	10.96																	
in home care for medicare patients	USD	50	0%	0%	Medium	60	1.79	6.14																	
always caring home care phone number	USD	50	900%	0%	Low	32	2.84	12.59																	
24 hrs home care	USD	50	0%	0%	Medium	58	1.81	5.93																	
home care in manhattan	USD	500	0%	0%	Low	31	1.79	6.63																	
companion care agencies near me	USD	50	0%	0%	High	74	2.27	10.61																	
special touch staten island	USD	50	0%	0%	Low	29	1.68	8.20																	
care live in	USD	50	0%	0%	High	86																			
short term home health aide	USD	50	0%	0%	High	89	4.10	11.07																	
on call caregiver near me	USD	50	0%	0%	High	74	4.60	17.07																	
medical in home care services	USD	50	0%	0%	Medium	56	2.98	13.70																	
home health aide west palm beach	USD	50	0%	0%	High	74	2.60	9.75																	
home cna services	USD	50	0%	0%	High	73	4.10	21.52																	
home care nearby	USD	50	0%	-90%	Medium	52	3.06	11.35																	
medicaid home health care family member	USD	50	0%	0%	Medium	42	1.39	10.73																	
medicare help with home care	USD	50	0%	0%	Medium	63	1.75	5.76																	
good home care agency	USD	50	0%	0%	High	69	2.01	15.44																	
home companion care near me	USD	50	0%	0%	Low	20	1.66	27.87																	
caregivers columbia sc	USD	50	0%	0%	High	74	4.01	11.46																	
private personal carer	USD	50	0%	0%	High	69	4.06	10.13																	
private home help near me	USD	50	0%	0%	High	90																			
medicare family caregiver program	USD	500	-90%	-90%	Medium	52	1.24	5.80																	
right at home home care agency	USD	500	0%	0%	Medium	63	1.83	6.98																	
24 hour caregivers & home care services	USD	50	0%	0%	Medium	65	2.36	15.92																	
private home aide	USD	50	0%	0%	High	79	3.03	18.61																	
home care agency los angeles	USD	500	0%	-90%	Medium	57	2.58	9.26																	
private case caregiver	USD	50	0%	0%	High	72	1.41	7.89																	
caregivers that accept medicare	USD	50	0%	0%	High	70	2.88	10.67																	
live in helper for elderly	USD	50	0%	0%	High	88	4.18	12.00																	
caregiver through medicare	USD	50	0%	0%	Medium	58	1.34	6.48																	
in home home care	USD	500000	0%	0%	Low	15	3.15	14.12																	
wisconsin caregiver program	USD	500	900%	0%	Low	30	1.51	4.52																	
caregiver agency san diego	USD	50	0%	0%	High	74	3.51	15.85																	
caregivers st louis	USD	50	0%	0%	High	92	3.69	9.27																	
home care services in my area	USD	50	0%	0%	Medium	54	5.20	12.21																	
live in home care agency	USD	500	0%	-90%	Medium	56	3.31	13.84																	
help at home harrisburg pa	USD	500	-90%	-90%	Medium	40	0.41	4.62																	
home care places near me	USD	50	0%	0%	Medium	64	2.87	12.00																	
portland in home care	USD	500	0%	0%	Low	14	3.77	14.18																	
home help providers	USD	50	0%	0%	Medium	43	2.81	7.77																	
taking care of elderly parents and getting paid	USD	500	0%	0%	Medium	44	0.89	6.71																	
home care near to me	USD	50	0%	0%	High	75	2.72	7.60																	
caregivers columbus ohio	USD	50	0%	0%	High	85	3.67	12.20																	
private hha	USD	50	0%	0%	High	85	1.58	6.95																	
home care agency boston	USD	500	0%	0%	High	72	2.74	16.06																	
home care agency atlanta	USD	500	0%	0%	Medium	60	2.39	8.24																	
in home help for seniors medicare	USD	50	0%	0%	Medium	63	1.99	8.34																	
best home health care in las vegas	USD	50	0%	0%	High	79	2.90	7.00																	
help at home telephone number	USD	50	0%	0%	Medium	59	1.94	11.74																	
need help at home	USD	50	0%	0%	Low	27	4.14	18.12																	
home health aide services for medicaid patients	USD	50	0%	0%	Medium	52	2.09	10.95																	
home care massachusetts	USD	500	0%	0%	Low	33	2.43	7.75																	
in home family caregiver	USD	50	0%	0%	Medium	50	2.80	19.55																	
home care places	USD	50	0%	0%	Medium	61	3.77	15.97																	
home health aide bronx ny	USD	50	0%	0%	Medium	53	2.46	8.33																	
24 home care services	USD	50	0%	0%	Medium	62	2.19	9.48																	
private health aide	USD	50	0%	0%	High	87	3.50	13.73																	
bath aide services	USD	50	0%	0%	High	69	1.92	8.11																	
home care agency las vegas	USD	500	0%	0%	Medium	39	2.87	9.86																	
affordable at home care	USD	500	0%	0%	Low	15	2.49	9.96																	
home care services for disabled adults	USD	50	0%	0%	Medium	56	3.22	8.74																	
long term care assistance for elderly	USD	50	0%	0%	Medium	65	3.13	9.36																	
one on one home care agency	USD	50	0%	0%	High	90	2.74	8.26																	
home care agencies newark nj	USD	50	0%	0%	High	77	1.76	6.41																	
altcs caregiver	USD	50	0%	0%	Medium	45	2.30	6.79																	
in home care facilities	USD	50	0%	0%	High	74	3.16	12.27																	
best in home care near me	USD	50	0%	0%	Medium	45	3.23	17.58																	
carer company	USD	5000	0%	0%	Medium	35	2.91	12.08																	
home care minneapolis	USD	500	0%	0%	Medium	57	2.44	7.47																	
home health program	USD	500	0%	0%	Medium	51	2.19	8.49																	
caregiver for my dad	USD	50	0%	0%	High	70	3.84	12.62																	
home health aide miami	USD	50	0%	-90%	High	80	1.98	12.87																	
phone number for home health	USD	500	0%	0%	Medium	55	2.91	12.71																	
on call home health aide	USD	50	0%	0%	High	83	3.10	11.64																	
in home care salem oregon	USD	50	0%	0%	Medium	60	3.68	12.55																	
need home health care services	USD	50	0%	0%	Medium	63	3.64	14.98																	
private aid	USD	500	0%	900%	Low	19	2.53	6.54																	
affordable home health aide	USD	50	0%	0%	High	71	4.55	11.28																	
ihss pennsylvania	USD	50	900%	900%	Medium	62	3.22	10.79																	
at home care assistance	USD	500	0%	0%	Medium	63	4.33	14.90																	
free home health aide	USD	50	0%	0%	Medium	53	1.98	6.08																	
services for seniors living at home	USD	50	0%	0%	High	78	2.76	10.34																	
home care agency syracuse ny	USD	50	0%	0%	Medium	39	0.94	6.50																	
caregivers denver	USD	50	0%	0%	Medium	61	3.94	25.46																	
24 hour home care orange county	USD	50	900%	900%	Low	18	1.93	19.52																	
home health agencies nyc	USD	5000	0%	0%	Medium	62	2.34	8.84																	
paid caregiver massachusetts	USD	50	0%	0%	Medium	64	1.88	6.18																	
home care harrisburg pa	USD	500	0%	0%	Medium	41	3.21	10.00																	
care provider services	USD	50	0%	0%	Medium	61	2.02	7.21																	
support home care	USD	500	0%	0%	Low	15	1.80	6.47																	
parent caretaker medicaid	USD	50	0%	-90%	Low	15	2.31	8.35																	
at home aid	USD	50	0%	0%	Medium	35	3.41	11.35																	
being paid to be a family caregiver	USD	500	0%	0%	Medium	38	1.16	8.26																	
people care agency	USD	500	0%	0%	Medium	62	1.99	6.38																	
home health care insurance coverage	USD	500	-90%	-90%	Medium	58	4.13	14.83																	
medicare help at home	USD	50	0%	0%	Medium	62	2.06	10.16																	
home health aide through medicare	USD	50	0%	0%	Medium	52	1.90	7.07																	
home health care delaware	USD	500	0%	0%	Medium	56	2.41	9.34																	
home care west palm beach	USD	500	0%	0%	Medium	55	3.71	16.52																	
individual home care provider	USD	500	0%	0%	Low	28	2.68	11.92																	
home care agency orlando	USD	500	0%	0%	Medium	54	2.00	9.62																	
texas caregivers	USD	500	0%	0%	Low	24	1.80	7.16																	
becoming a caregiver for your parents	USD	50	0%	0%	Medium	55	0.92	7.18																	
ohio family caregiver program	USD	50	0%	0%	Medium	58	1.53	5.83																	
home health that takes medicaid	USD	500	0%	0%	Medium	53	2.62	10.96																	
freedom caregivers collective	USD	50	0%	0%	Low	3																			
ppl caregiver	USD	500	0%	0%	Medium	34	1.82	5.91																	
senior home health care	USD	5000	0%	-90%	Medium	33	2.71	10.00																	
aide services near me	USD	50	0%	0%	High	71	2.56	9.95																	
patriot home care allentown pa	USD	50	0%	-90%	Medium	50	2.90	9.73																	
elderly home care agencies near me	USD	50	0%	0%	Medium	55	1.61	11.33																	
call patriot home care	USD	50	0%	0%	High	100	9.33	19.78																	
in home care bend oregon	USD	50	0%	0%	High	89	4.17	17.15																	
home health aide agency jersey city	USD	50	0%	0%	Medium	46	3.17	6.94																	
home care indianapolis	USD	5000	0%	0%	Medium	53	3.24	14.13																	
hiring in home care for elderly	USD	50	0%	0%	High	69	2.29	10.00																	
home health agencies denver	USD	500	0%	0%	Medium	48	3.20	10.94																	
health home care near me	USD	50	0%	0%	High	73	2.45	6.06																	
independent carer	USD	500	0%	0%	Low	17	2.81	9.06																	
senior care aide	USD	500	0%	0%	High	69	3.46	10.25																	
virginia caregiver program	USD	50	0%	0%	Low	21	2.05	3.40																	
home health aide chicago	USD	50	0%	0%	Medium	66	1.53	7.56																	
care at home ct	USD	50	0%	0%	Medium	43	2.07	5.35																	
i need home care	USD	50	0%	0%	Low	28	3.44	27.03																	
care support at home	USD	50	-100%	-100%	Unknown																				
medicare in home support services	USD	50	0%	0%	Medium	61	1.83	7.84																	
home care agency business	USD	50	0%	0%	High	68	3.35	12.10																	
home care agency in virginia	USD	500	900%	0%	Low	20	2.40	12.00																	
in house caretaker	USD	50	0%	0%	Medium	64	4.77	11.53																	
best in home health care near me	USD	50	0%	0%	High	70	3.68	7.73																	
caregivers salem oregon	USD	50	0%	0%	High	80	4.41	12.01																	
healthcare plus caregivers	USD	5000	0%	0%	Low	7	1.63	5.79																	
consumer directed personal assistance	USD	500	0%	-90%	Low	12	1.40	6.93																	
best in home senior care providers	USD	50	0%	0%	Medium	56	2.41	10.10																	
home health care queens	USD	500	0%	0%	Medium	44	2.96	11.49																	
home help program michigan	USD	5000	0%	0%	Medium	39	2.10	7.83																	
home health care for parents	USD	50	0%	0%	High	68	4.92	11.45																	
in home care louisville ky	USD	500	0%	-90%	High	68	3.70	16.32																	
home care atlanta	USD	5000	0%	-90%	Medium	49	2.70	9.77																	
private care in your own home	USD	50	0%	-100%	Unknown																				
in home live in caregiver	USD	50	0%	0%	Medium	46	2.54	12.43																	
affordable home care for seniors	USD	500	0%	0%	Low	23	4.30	16.17																	
home care agency baltimore	USD	500	0%	0%	High	70	2.20	7.86																	
massachusetts family caregiver support program	USD	500	0%	0%	Low	7	1.62	4.50																	
home health care west palm beach	USD	500	0%	0%	Medium	55	3.71	16.52																	
call home instead	USD	50	0%	0%	Medium	48	4.66	15.57																	
freedom care w2	USD	50	0%	0%	Low	0																			
on call home care	USD	500	0%	0%	Medium	62	3.23	11.09																	
caregiver pay in georgia	USD	50	0%	0%	Medium	54	1.41	6.51																	
home care that takes medicare	USD	50	0%	0%	Medium	66	4.11	22.54																	
home health care colorado	USD	500	0%	0%	Medium	43	3.41	14.50																	
caregiver training for family members	USD	50	0%	0%	Low	33	0.83	3.89																	
cdpap in pennsylvania	USD	50	0%	0%	Medium	40																			
medicare caretaker	USD	50	0%	0%	Medium	39	2.20	6.16																	
parent caregiver pay	USD	50	0%	0%	Medium	43	0.93	5.83																	
short term in home nursing care	USD	500	0%	0%	Medium	60	2.45	13.18																	
i need a carer for myself	USD	50	0%	∞	High	86																			
24 hour health care at home	USD	50	0%	0%	High	71	4.66	10.39																	
list of home care agencies near me	USD	50	0%	0%	High	95	2.99	17.13																	
in home help with elderly	USD	50	0%	0%	High	97	4.28	26.35																	
caregiver pay for disabled family member	USD	50	0%	0%	Low	32	0.53	4.07																	
aide services	USD	500	0%	0%	Medium	42	3.07	8.34																	
home nurse care services	USD	500	0%	0%	Low	24	3.51	13.28																	
medicare home health coverage	USD	5000	-90%	-90%	Low	18	0.98	5.31																	
home health aide that accepts medicare	USD	50	0%	0%	High	71	2.83	10.93																	
home health insurance coverage	USD	500	0%	0%	Medium	52	4.02	13.63																	
home health through medicare	USD	50	0%	0%	Medium	48	1.94	11.26																	
caregiver pay through medicare	USD	50	0%	0%	Medium	51	0.17	5.29																	
home health aide fort lauderdale	USD	50	0%	0%	High	71	2.78	13.54																	
freedom senior care	USD	50	0%	0%	Low	11																			
caregiver helpline	USD	500	900%	900%	Low	28	2.00	7.72																	
private home carers near me	USD	500	0%	0%	High	67	2.46	11.28																	
home health care bronx ny	USD	500	0%	0%	Medium	34	2.91	10.15																	
care caregivers	USD	500	0%	0%	Low	31	1.88	7.25																	
caregiver portland oregon	USD	50	0%	-90%	High	73	2.92	14.14																	
paid parent caregiver	USD	500	900%	0%	Low	30	1.56	8.51																	
life home	USD	500	0%	0%	Low	2																			
medicare in home caregiver	USD	5000	0%	-90%	Medium	54	1.30	5.69																	
home health care philadelphia pa	USD	5000	0%	0%	Medium	55	3.88	14.23																	
parent cna program colorado	USD	500	0%	900%	Medium	37	9.09	65.35																	
family love care michigan	USD	50	900%	900%	Medium	62	3.66	12.54																	
family caregiver act colorado	USD	50	-90%	0%	Low	24	3.25	37.82																	
home care york pa	USD	500	0%	0%	Medium	62	2.72	9.50																	
caregiver massachusetts	USD	500	0%	-90%	Medium	61	2.68	9.44																	
home health denver	USD	5000	0%	0%	Medium	40	3.58	11.87																	
home health aide charlotte nc	USD	50	0%	0%	Medium	54	1.62	7.31																	
24 hr in home care	USD	5000	900%	0%	Low	33	3.17	13.59																	
caregiver paid training	USD	50	0%	0%	Medium	42	2.50	14.20																	
home care boston	USD	500	0%	0%	Medium	35	2.03	14.07																	
home care aide agency	USD	5000	0%	0%	Medium	62	2.93	11.14																	
paid pca training near me	USD	500	0%	900%	Medium	48	2.04	13.12																	
family caregiver program florida	USD	500	0%	0%	Low	9	1.00	4.15																	
find home care clients	USD	50	0%	0%	High	86	8.79	27.28																	
home care reading pa	USD	500	900%	0%	High	73	4.37	11.65																	
parent cna colorado	USD	500	-90%	-90%	Low	27	14.81	58.91																	
caregiver resource center	USD	500	0%	-90%	Low	11	1.76	7.11																	
home health aide private cases	USD	500	0%	0%	High	75	1.17	4.43																	
home care phoenix	USD	500	0%	0%	Medium	53	3.69	12.77																	
ri caregiver program	USD	50	0%	0%	Low	23	2.42	41.96																	
respite care baltimore	USD	500	-90%	0%	High	69	2.48	7.89																	
home health care places near me	USD	50	0%	0%	Medium	51	2.74	10.43																	
best home health agency near me	USD	500	0%	0%	Medium	40	2.19	8.45																	
home care agency miami	USD	500	0%	0%	Medium	48	1.90	9.11																	
home care st petersburg fl	USD	500	0%	0%	Medium	63	3.22	14.99																	
home care richmond	USD	500	0%	0%	Medium	47	2.47	8.31																	
home health care york pa	USD	500	0%	0%	Medium	62	2.72	9.50																	
home health aide raleigh nc	USD	50	0%	0%	Medium	55	2.19	9.92																	
medicare aide services	USD	50	0%	0%	Medium	58	2.19	5.92																	
home care tampa	USD	500	0%	0%	Medium	43	3.67	12.63																	
home care san antonio	USD	5000	0%	0%	Low	33	2.44	9.97																	
medicaid home care program	USD	500	0%	0%	Low	15	2.26	10.42																	
in home care that accepts medicare	USD	50	0%	0%	High	79	1.80	9.53																	
home care houston	USD	5000	0%	0%	Medium	48	2.56	9.80																	
in home care the villages fl	USD	50	0%	0%	Medium	49	3.77	12.35																	
finding a carer for the elderly	USD	50	∞	∞	High	86																			
in home care massachusetts	USD	500	0%	0%	Medium	54	3.51	14.64																	
home instead respite care	USD	5000	0%	-90%	Low	10	2.41	7.72																	
in home aids	USD	50	0%	0%	Medium	66	3.07	17.54																	
private home care aide	USD	50	0%	-90%	Medium	63	2.56	9.64																	
affordable in home care for the elderly	USD	50	0%	0%	High	84	5.98	14.96																	
caregivers vancouver wa	USD	50	0%	0%	High	96	2.60	11.86																	
in home nurse aide	USD	50	0%	0%	High	79	3.77	12.80																	
ihss georgia	USD	500	0%	0%	Medium	60	1.79	9.83																	
michigan home help application	USD	500	0%	-90%	Medium	55	2.76	6.98																	
home care that accepts medicaid	USD	500	0%	0%	Medium	53	2.62	10.96																	
kentucky family caregiver program	USD	500	0%	0%	Low	2	1.59	4.50																	
medicaid caregiver application	USD	5000	0%	0%	Low	28	1.70	8.46																	
live in companion care	USD	50	0%	0%	Low	18	3.48	11.06																	
loved ones in home care	USD	500	0%	0%	Low	21	1.57	2.76																	
ihss program colorado	USD	50	0%	0%	Medium	49	2.59	23.79																	
taking care of a loved one at home	USD	50	0%	0%	High	74	2.14	13.70																	
home health care little rock	USD	500	0%	0%	Medium	65	2.03	5.75																	
caregiving agencies in my area	USD	50	0%	0%	High	83	3.04	15.83																	
in home personal care assistant	USD	50	0%	0%	Low	19	2.62	13.22																	
jersey assistance for community caregiving	USD	500	0%	-90%	Low	31	1.54	4.90																	
in home care raleigh nc	USD	500	0%	0%	Medium	57	5.10	17.40																	
private duty home care agency	USD	500	900%	0%	Low	27	2.86	8.00																	
independent home care services	USD	50	0%	0%	Medium	52	2.70	8.00																	
home health that takes medicare	USD	50	0%	0%	Medium	55	2.81	12.19																	
getting paid as a caregiver by medicaid	USD	50	900%	900%	Medium	38	1.88	7.53																	
assistance home care st louis	USD	500	0%	0%	Medium	39	2.70	10.94																	
home health aide boston	USD	50	0%	0%	Medium	62	3.47	17.77																	
private home care provider georgia	USD	50	0%	-90%	Medium	52	3.36	8.10																	
caregivers covered by medicare	USD	50	0%	0%	Medium	63	2.78	10.89																	
home care fort lauderdale	USD	500	0%	0%	Medium	34	3.99	12.51																	
domiciliary care provider	USD	50	0%	900%	Low	0																			
seniors taking care of seniors	USD	50	0%	0%	High	73	2.11	10.00																	
healthcare home services	USD	50	0%	-90%	Medium	44	3.20	9.73																	
hourly caregiver	USD	500	900%	0%	Low	13	3.00	12.49																	
in home non medical senior care	USD	50000	-90%	0%	Low	4	2.83	9.81																	
paid caregiver in pa	USD	50	0%	0%	Medium	62	3.49	10.22																	
oregon caregiver application	USD	50	0%	0%	Low	33	3.56	12.09																	
home health places near me	USD	500	0%	900%	Medium	46	2.17	9.82																	
home instead home health	USD	5000	0%	0%	Medium	35	2.03	7.83																	
care advantage near me	USD	500	0%	0%	Low	30	1.44	5.07																	
home health aide agency in long island	USD	50	0%	0%	High	77	2.84	11.69																	
sfc program georgia	USD	50	0%	0%	Medium	60	1.94	9.15																	
help at home indianapolis	USD	500	0%	0%	Low	29	2.86	10.05																	
home health chicago	USD	500	0%	0%	Medium	62	2.62	8.73																	
always caring home health	USD	500	0%	0%	Low	12	1.87	5.88																	
paid home caregiver	USD	500	0%	0%	Medium	47	2.21	10.00																	
parent cna	USD	500	0%	-90%	Low	30	6.23	47.48																	
paid to take care of parents	USD	500	0%	-90%	Medium	56	1.06	7.98																	
home care st louis	USD	500	0%	0%	High	69	4.21	13.05																	
ihss colorado springs	USD	50	0%	0%	Medium	50	2.03	10.73																	
home care agency indianapolis	USD	500	0%	-90%	Medium	35	2.29	9.67																	
in home care phoenix	USD	500	0%	0%	Medium	58	4.69	16.12																	
home care portland maine	USD	50	0%	0%	Medium	61	2.22	12.25																	
home health care policy	USD	500	0%	0%	Low	15	3.13	11.12																	
home health aide atlanta	USD	50	0%	-90%	Medium	65	2.11	9.26																	
telephone number for right at home	USD	50	0%	0%	High	76	3.34	11.23																	
medicare family caregiver pay	USD	500	0%	0%	Medium	38	0.88	5.11																	
caregiver agencies in ct	USD	50	0%	0%	High	83	2.37	7.54																	
cdpap georgia	USD	500	0%	0%	Medium	48	0.76	3.64																	
home visits for seniors	USD	50	0%	0%	Medium	64	5.00	17.15																	
at home care services	USD	50000	0%	-90%	Low	26	3.22	11.79																	
family caregiver services	USD	50	0%	-90%	Medium	36	2.41	7.85																	
home care columbia sc	USD	500	0%	0%	Medium	41	2.59	10.49																	
home health care nearby	USD	50	0%	0%	Medium	58	2.85	14.96																	
home health agencies indianapolis	USD	500	0%	-90%	Medium	35	2.29	9.67																	
elderly care company	USD	500	0%	-90%	Medium	44	3.26	12.51																	
home health aide services for medicare patients	USD	50	0%	0%	High	71	1.75	8.10																	
freedom from care	USD	50	0%	∞	Low	0																			
home care buffalo ny	USD	5000	0%	0%	Low	15	1.86	4.43																	
home care michigan	USD	500	0%	0%	Medium	58	2.55	10.00																	
all heart home care brooklyn	USD	500	0%	-90%	Medium	46	0.92	2.08																	
colorado paid family caregiver	USD	50	0%	0%	Low	22	1.49	13.63																	
carer for elderly at home	USD	50000	0%	-90%	Low	29	2.87	13.67																	
at home healthcare agency	USD	50	0%	0%	Medium	54																			
home health aide orlando	USD	50	0%	0%	High	70	3.06	19.27																	
freedom care oregon	USD	500	0%	0%	Medium	50	2.45	39.89																	
in home care atlanta	USD	500	0%	-90%	Medium	48	3.15	15.20																	
help at home south bend	USD	500	0%	0%	Low	29	3.15	9.18																	
in home health near me	USD	50	0%	0%	Low	33	2.99	7.81																	
family care of georgia	USD	500	0%	0%	Medium	47	2.07	7.53																	
caregivers of america florida	USD	50	0%	0%	Medium	39	4.30	26.64																	
a better life home care services	USD	50	0%	0%	Medium	53	2.40	9.00																	
family caregiver assistance program	USD	50	900%	0%	Low	29	1.12	8.04																	
medicare paid caregiver program	USD	50	0%	0%	Medium	48	1.46	5.91																	
advantage home care brooklyn	USD	500	0%	0%	Medium	44	1.36	5.94																	
assistance home care st charles	USD	50	0%	0%	Low	30	1.78	10.07																	
home care fort wayne	USD	500	0%	0%	Medium	55	2.53	8.19																	
home health number	USD	50	0%	0%	Medium	51	3.04	16.54																	
in home care pittsburgh	USD	500	0%	0%	Medium	37	2.59	10.04																	
personal care services for seniors	USD	5000	0%	-90%	Low	12	3.05	12.99																	
in home health care for family member	USD	50	0%	0%	High	72	2.20	9.80																	
home care agency charlotte nc	USD	500	0%	0%	Medium	53	2.12	7.39																	
nursing home assistance for elderly	USD	50	0%	0%	High	94	4.73	28.87																	
caregiver applications	USD	500	0%	0%	Medium	40	1.89	11.56																	
caregiving places	USD	500	0%	0%	Medium	57	2.78	11.53																	
home care spokane	USD	500	0%	0%	Low	31	2.73	9.82																	
family cna program	USD	50	0%	0%	Low	20	1.61	36.53																	
freedom care com	USD	500	0%	-90%	Medium	60	2.57	14.83																	
home health agencies chicago	USD	500	0%	0%	Medium	40	2.55	6.72																	
homemaker agency	USD	50	0%	0%	High	80	2.28	10.05																	
home care orlando	USD	500	0%	0%	Medium	40	2.99	18.92																	
people care home care	USD	500	0%	0%	Medium	58	1.82	5.88																	
independent caregiver insurance	USD	50	0%	0%	High	72	5.53	25.17																	
call home care	USD	50	0%	0%	Medium	61	5.24	14.38																	
home care options	USD	5000	0%	-90%	Low	11	2.42	10.00																	
paid caregiver for family	USD	5000	0%	0%	Medium	44	0.43	6.19																	
home health aide westchester county ny	USD	50	0%	0%	High	83	3.04	16.08																	
all heart homecare agency	USD	5000	0%	0%	Low	13	1.00	3.81																	
i want to become a caregiver	USD	50	0%	0%	Low	21	1.92	52.17																	
california caregiver resource centers	USD	500	-90%	-90%	Low	17	2.91	10.43																	
cdpap nc	USD	500	0%	0%	Low	19	0.79	2.74																	
ihss massachusetts	USD	50	900%	900%	Medium	59	3.34	10.82																	
cdpap program florida	USD	500	0%	0%	Medium	36	0.88	4.32																	
home health aide connecticut	USD	50	0%	0%	Medium	35	4.06	14.32																	
family caregiver massachusetts	USD	50	0%	0%	Medium	49	1.54	4.50																	
home care agency san diego	USD	500	0%	0%	Medium	39	3.49	15.81																	
the heart home care	USD	50	0%	0%	Medium	37	2.15	9.49																	
the best home care	USD	50	0%	0%	High	71	1.99	9.64																	
cdpap maryland	USD	500	0%	0%	Medium	36	0.92	4.47																	
medicare home care assistance	USD	500	900%	0%	Medium	65	1.43	6.46																	
home care delaware	USD	500	0%	-90%	Medium	60	2.71	8.32																	
in home care orlando	USD	50	900%	900%	Medium	35	6.07	20.75																	
home care bronx ny	USD	500	0%	0%	Medium	34	2.91	10.15																	
in home living care	USD	50000	0%	-90%	Medium	42	2.75	12.14																	
cdpap texas	USD	5000	-90%	-90%	Low	26	0.84	2.46																	
colorado parent cna program	USD	500	0%	0%	Low	10	14.83	70.00																	
in home care fort wayne	USD	50	-90%	0%	Medium	40	3.76	12.80																	
california caregiver program	USD	500	0%	0%	Low	24	1.50	6.49																	
in house nurse cost	USD	500	0%	0%	Medium	55	2.11	7.62																	
help at home customer service	USD	500	0%	0%	Low	23	2.22	8.44																	
cdpap virginia	USD	500	0%	0%	Medium	36	1.51	3.00																	
caregiver how to become	USD	50	0%	0%	Medium	35	2.79	22.21																	
home care aide program	USD	50	0%	0%	High	76	2.05	15.54																	
maryland family caregiver support program	USD	500	0%	-90%	Low	9	1.21	4.51																	
care options for elderly parents	USD	50	0%	0%	Medium	54	2.52	6.20																	
at home caregiver services	USD	50	0%	0%	Medium	48	3.91	21.01																	
friends and family home care brooklyn	USD	50	900%	900%	Medium	43	2.32	5.94																	
michigan home help	USD	500	0%	-90%	Medium	40	2.30	8.67																	
home care agencies springfield ma	USD	50	0%	0%	Medium	59	2.23	7.20																	
private home healthcare agencies	USD	5000	900%	0%	Medium	46	2.48	11.21																	
village caregiving locations	USD	500	0%	900%	Low	22	2.00	7.53																	
in home care for elderly on medicare	USD	50	0%	0%	High	71	1.62	6.15																	
home instead home care services	USD	500	0%	0%	Low	7	2.43	8.95																	
in home care kansas city	USD	50	-90%	0%	High	79	2.69	11.85																	
state paid caregiver for family member	USD	50	0%	0%	Medium	34	1.22	4.69																	
right at home minneapolis	USD	50	0%	0%	Medium	47	1.49	9.25																	
home care san diego ca	USD	5000	0%	0%	Low	17	3.20	14.83																	
in home care lancaster pa	USD	50	0%	0%	High	71	3.51	10.29																	
paid home health care	USD	50	0%	0%	High	74	2.86	14.63																	
paid caregiver for family member colorado	USD	50	0%	0%	Medium	65	2.76	28.86																	
at home care of louisiana	USD	500	0%	0%	Low	14	1.31	4.22																	
cdpap california	USD	5000	0%	0%	Low	31	0.83	4.41																	
caregivers of america philadelphia	USD	50	0%	0%	High	77	4.32	10.90																	
home health aide queens	USD	50	900%	900%	Medium	44	4.44	13.69																	
in home care maryland	USD	500	900%	0%	Medium	63	3.85	13.73																	
because we care	USD	500	900%	900%	Low	11	2.08	6.21																	
get paid taking care of a loved one	USD	50	0%	0%	Medium	55	1.14	15.76																	
adult in home care near me	USD	50	0%	0%	High	94	7.58	26.97																	
oregon home care	USD	500	0%	0%	Medium	44	2.84	10.05																	
help at home oak park	USD	50	0%	-90%	Medium	44	0.83	5.16																	
caregiver memphis tn	USD	500	0%	-90%	Medium	60	2.33	10.38																	
home health aide baltimore	USD	50	0%	0%	High	89	3.04	11.96																	
personal caregiver needed	USD	50	0%	0%	High	88	3.18	9.61																	
in home service providers	USD	50	0%	0%	Medium	47	2.93	8.72																	
www freedom care com	USD	50	0%	0%	Medium	52	4.00	18.61																	
heart home care agency	USD	50	0%	0%	Medium	62	1.56	6.02																	
local home health aide agencies	USD	50	0%	0%	High	87	2.26	10.44																	
ihss wisconsin	USD	50	900%	900%	Medium	42	2.31	4.00																	
medicaid caregiver requirements	USD	500	0%	0%	Low	18	1.73	7.11																	
caregivers wichita ks	USD	50	0%	0%	Medium	54	3.99	15.30																	
family caregiver colorado	USD	50	0%	0%	Low	33	4.96	46.02																	
home care salem oregon	USD	500	0%	0%	Medium	52	3.09	10.04																	
caregiver for old people	USD	5000	0%	0%	Medium	45	2.98	12.73																	
medicaid in home caregiver	USD	5000	0%	0%	Medium	36	1.92	8.21																	
colorado caregiver	USD	500	0%	0%	Low	9	4.80	38.82																	
caregiver pay michigan	USD	50	0%	0%	Medium	62	2.34	5.43																	
michigan caregiver pay	USD	50	0%	0%	Medium	58	1.99	6.03																	
caregivers of america near me	USD	50	0%	0%	High	71	2.58	11.31																	
in home care south carolina	USD	50	0%	-90%	Medium	39	3.00	13.91																	
home care queens	USD	500	0%	0%	Medium	44	2.96	11.49																	
in home care portland	USD	500	0%	0%	High	83	5.50	19.39																	
pa caregiver program	USD	50	0%	0%	High	69	3.10	11.75																	
oregon caregiver program	USD	50	0%	0%	Medium	38	2.17	8.83																	
home care kansas city	USD	500	0%	0%	Medium	65	2.88	10.00																	
abby home health care	USD	500	0%	0%	Low	27	2.13	8.77																	
home attendant program	USD	500	-90%	0%	Low	32	1.75	3.50																	
private carers at home	USD	50	0%	0%	High	67	7.79	20.50																	
colorado family caregivers address	USD	500	0%	900%	Low	9	7.34	48.72																	
home health care agencies chicago	USD	500	0%	0%	High	70	2.28	8.26																	
home care agency orange county	USD	500	0%	0%	High	73	3.29	11.56																	
patriot homecare philadelphia pa	USD	500	0%	0%	Low	23	3.12	11.30																	
michigan medicaid home help program	USD	500	-90%	0%	Medium	35	3.00	9.19																	
cdpap program in texas	USD	500	-90%	0%	Low	22	0.90	3.93																	
in home care nyc	USD	50	900%	0%	Low	31	2.34	9.46																	
freedomcareny	USD	500	0%	0%	Medium	56	1.96	8.65																	
nc family caregiver support program	USD	500	900%	0%	Low	21	0.76	4.64																	
self directed care program	USD	500	0%	-90%	Low	33	1.16	5.05																	
in home care indiana	USD	50	0%	0%	High	90	4.10	13.99																	
individual home care services	USD	50	0%	0%	Medium	66	2.35	8.00																	
in home care rochester ny	USD	50	0%	0%	High	78	2.13	8.42																	
right at home healthcare agency	USD	500	0%	0%	Medium	63	1.83	6.98																	
home health west palm beach	USD	500	0%	0%	Medium	55	3.71	16.52																	
medicare personal care services	USD	500	0%	0%	Medium	49	1.53	5.63																	
home care agency san antonio	USD	500	0%	0%	Medium	43	2.01	6.77																	
home care independence	USD	500	0%	-90%	Medium	48	2.83	7.63																	
home care services brooklyn	USD	5000	0%	-90%	Low	29	2.60	9.09																	
cdpap westchester county ny	USD	50	0%	0%	Medium	43																			
because we care home care	USD	500	0%	900%	Medium	48	2.14	6.28																	
home home health	USD	50000	0%	0%	Medium	42	2.72	10.75																	
in home care long island	USD	500	0%	0%	Low	25																			
about you in home care	USD	500	0%	0%	Low	27	1.74	8.49																	
caregivers in san antonio texas	USD	50	0%	0%	High	79																			
cost of home care for seniors	USD	5000	-90%	-90%	Medium	50	1.90	6.54																	
home health nyc	USD	5000	900%	0%	Medium	51	1.91	8.24																	
caregivers nashville	USD	50	0%	0%	High	72	4.01	16.19																	
with love home care	USD	500	0%	0%	Low	32	1.96	6.83																	
live in nursing care at home	USD	50	0%	0%	High	82	3.20	17.69																	
home care agency denver	USD	500	0%	0%	Medium	48	3.20	10.94																	
home health philadelphia	USD	500	0%	0%	Medium	52	3.85	14.53																	
home care wilmington de	USD	50	0%	0%	Medium	46	3.01	14.18																	
personal choice program ri	USD	50	0%	0%	Low	15	3.94	18.81																	
senior in home care providers	USD	5000	9900%	0%	Low	2	6.00	21.09																	
community home care nyc	USD	50	0%	0%	Medium	47	1.62	8.14																	
home care nashville	USD	500	0%	-90%	High	67	3.00	14.84																	
mom's home care los angeles	USD	50	900%	900%	Medium	38	1.51	6.26																	
home health care system	USD	50	0%	0%	Low	27	3.78	27.08																	
home care agency lancaster pa	USD	500	0%	0%	Medium	41	3.60	8.47																	
24 hour elderly care nursing service	USD	50	0%	0%	High	78	3.39	10.84																	
best home care agencies in suffolk county ny	USD	50	0%	0%	High	81	2.83	8.50																	
in home adult care services	USD	50	0%	-90%	High	99	4.15	19.63																	
home health care washington	USD	500	0%	0%	Medium	43	2.44	6.35																	
home health aide cleveland	USD	50	0%	-90%	High	67	3.20	8.47																	
in home care bellevue	USD	50	0%	0%	Medium	47	4.05	31.46																	
caring village app	USD	500	0%	0%	Low	30	1.13	8.40																	
help to care	USD	50	0%	0%	Low	29																			
living care home health	USD	50	0%	0%	Medium	56	3.67	12.60																	
home health agencies rochester ny	USD	500	0%	0%	Medium	51	1.80	7.22																	
cost of home health care per hour	USD	500	0%	0%	Medium	54	1.73	5.21																	
access home care philadelphia	USD	50	0%	0%	Medium	49	3.83	13.62																	
hourly home care services	USD	500	900%	0%	Low	10	4.60	15.48																	
home health agencies atlanta	USD	500	0%	0%	Medium	60	2.39	8.24																	
at your side home care houston	USD	500	0%	0%	High	72	1.58	6.77																	
home care agencies in phoenix az	USD	500	0%	0%	Low	21	3.02	8.51																	
www freedomcare	USD	50	0%	0%	High	86																			
nys freedom care	USD	50	0%	0%	Low	24																			
home health aide for relative	USD	50	0%	0%	Medium	40																			
freedomcares	USD	50	0%	0%	High	67	2.11	10.93																	
freedom care md	USD	50	∞	∞	High	100																			
